연도,월,순위,브랜드,판매량,비율,로고 이미지 링크
2021,1,1,벤츠,"5,918",28.0%,https://autoimg.danawa.com/photo/brand/349_40.png
2021,1,2,BMW,"5,717",27.0%,https://autoimg.danawa.com/photo/brand/362_40.png
2021,1,3,아우디,"2,302",10.9%,https://autoimg.danawa.com/photo/brand/371_40.png
2021,1,4,폭스바겐,"1,236",5.8%,https://autoimg.danawa.com/photo/brand/376_40.png
2021,1,5,볼보,"1,198",5.7%,https://autoimg.danawa.com/photo/brand/459_40.png
2021,1,6,미니,712,3.4%,https://autoimg.danawa.com/photo/brand/367_40.png
2021,1,7,포르쉐,681,3.2%,https://autoimg.danawa.com/photo/brand/381_40.png
2021,1,8,지프,668,3.2%,https://autoimg.danawa.com/photo/brand/587_40.png
2021,1,9,링컨,486,2.3%,https://autoimg.danawa.com/photo/brand/573_40.png
2021,1,10,렉서스,443,2.1%,https://autoimg.danawa.com/photo/brand/486_40.png
2021,1,11,포드,442,2.1%,https://autoimg.danawa.com/photo/brand/569_40.png
2021,1,12,토요타,400,1.9%,https://autoimg.danawa.com/photo/brand/491_40.png
2021,1,13,랜드로버,358,1.7%,https://autoimg.danawa.com/photo/brand/399_40.png
2021,1,14,혼다,192,0.9%,https://autoimg.danawa.com/photo/brand/500_40.png
2021,1,15,캐딜락,88,0.4%,https://autoimg.danawa.com/photo/brand/546_40.png
2021,1,16,푸조,83,0.4%,https://autoimg.danawa.com/photo/brand/413_40.png
2021,1,17,재규어,63,0.3%,https://autoimg.danawa.com/photo/brand/394_40.png
2021,1,18,마세라티,44,0.2%,https://autoimg.danawa.com/photo/brand/445_40.png
2021,1,19,벤틀리,25,0.1%,https://autoimg.danawa.com/photo/brand/390_40.png
2021,1,20,시트로엥,24,0.1%,https://autoimg.danawa.com/photo/brand/422_40.png
2021,1,21,롤스로이스,19,0.1%,https://autoimg.danawa.com/photo/brand/385_40.png
2021,1,22,람보르기니,19,0.1%,https://autoimg.danawa.com/photo/brand/440_40.png
2021,1,23,테슬라,16,0.1%,https://autoimg.danawa.com/photo/brand/611_40.png
2021,1,24,DS,8,0.0%,https://autoimg.danawa.com/photo/brand/618_40.png
2021,2,1,벤츠,"5,707",26.4%,https://autoimg.danawa.com/photo/brand/349_40.png
2021,2,2,BMW,"5,660",26.2%,https://autoimg.danawa.com/photo/brand/362_40.png
2021,2,3,아우디,"2,362",10.9%,https://autoimg.danawa.com/photo/brand/371_40.png
2021,2,4,폭스바겐,"1,783",8.3%,https://autoimg.danawa.com/photo/brand/376_40.png
2021,2,5,볼보,"1,202",5.6%,https://autoimg.danawa.com/photo/brand/459_40.png
2021,2,6,포르쉐,912,4.2%,https://autoimg.danawa.com/photo/brand/381_40.png
2021,2,7,미니,895,4.1%,https://autoimg.danawa.com/photo/brand/367_40.png
2021,2,8,렉서스,677,3.1%,https://autoimg.danawa.com/photo/brand/486_40.png
2021,2,9,지프,457,2.1%,https://autoimg.danawa.com/photo/brand/587_40.png
2021,2,10,토요타,414,1.9%,https://autoimg.danawa.com/photo/brand/491_40.png
2021,2,11,포드,339,1.6%,https://autoimg.danawa.com/photo/brand/569_40.png
2021,2,12,랜드로버,296,1.4%,https://autoimg.danawa.com/photo/brand/399_40.png
2021,2,13,링컨,294,1.4%,https://autoimg.danawa.com/photo/brand/573_40.png
2021,2,14,혼다,220,1.0%,https://autoimg.danawa.com/photo/brand/500_40.png
2021,2,15,푸조,71,0.3%,https://autoimg.danawa.com/photo/brand/413_40.png
2021,2,16,마세라티,65,0.3%,https://autoimg.danawa.com/photo/brand/445_40.png
2021,2,17,캐딜락,63,0.3%,https://autoimg.danawa.com/photo/brand/546_40.png
2021,2,18,재규어,56,0.3%,https://autoimg.danawa.com/photo/brand/394_40.png
2021,2,19,람보르기니,31,0.1%,https://autoimg.danawa.com/photo/brand/440_40.png
2021,2,20,롤스로이스,22,0.1%,https://autoimg.danawa.com/photo/brand/385_40.png
2021,2,21,테슬라,20,0.1%,https://autoimg.danawa.com/photo/brand/611_40.png
2021,2,22,시트로엥,16,0.1%,https://autoimg.danawa.com/photo/brand/422_40.png
2021,2,23,벤틀리,10,0.0%,https://autoimg.danawa.com/photo/brand/390_40.png
2021,2,24,DS,10,0.0%,https://autoimg.danawa.com/photo/brand/618_40.png
2021,3,1,벤츠,"7,597",25.5%,https://autoimg.danawa.com/photo/brand/349_40.png
2021,3,2,BMW,"6,012",20.2%,https://autoimg.danawa.com/photo/brand/362_40.png
2021,3,3,테슬라,"3,194",10.7%,https://autoimg.danawa.com/photo/brand/611_40.png
2021,3,4,아우디,"2,737",9.2%,https://autoimg.danawa.com/photo/brand/371_40.png
2021,3,5,폭스바겐,"1,628",5.5%,https://autoimg.danawa.com/photo/brand/376_40.png
2021,3,6,지프,"1,557",5.2%,https://autoimg.danawa.com/photo/brand/587_40.png
2021,3,7,볼보,"1,251",4.2%,https://autoimg.danawa.com/photo/brand/459_40.png
2021,3,8,미니,"1,224",4.1%,https://autoimg.danawa.com/photo/brand/367_40.png
2021,3,9,포르쉐,980,3.3%,https://autoimg.danawa.com/photo/brand/381_40.png
2021,3,10,렉서스,860,2.9%,https://autoimg.danawa.com/photo/brand/486_40.png
2021,3,11,포드,557,1.9%,https://autoimg.danawa.com/photo/brand/569_40.png
2021,3,12,토요타,544,1.8%,https://autoimg.danawa.com/photo/brand/491_40.png
2021,3,13,링컨,349,1.2%,https://autoimg.danawa.com/photo/brand/573_40.png
2021,3,14,혼다,333,1.1%,https://autoimg.danawa.com/photo/brand/500_40.png
2021,3,15,랜드로버,292,1.0%,https://autoimg.danawa.com/photo/brand/399_40.png
2021,3,16,푸조,279,0.9%,https://autoimg.danawa.com/photo/brand/413_40.png
2021,3,17,캐딜락,124,0.4%,https://autoimg.danawa.com/photo/brand/546_40.png
2021,3,18,마세라티,81,0.3%,https://autoimg.danawa.com/photo/brand/445_40.png
2021,3,19,재규어,54,0.2%,https://autoimg.danawa.com/photo/brand/394_40.png
2021,3,20,람보르기니,31,0.1%,https://autoimg.danawa.com/photo/brand/440_40.png
2021,3,21,시트로엥,26,0.1%,https://autoimg.danawa.com/photo/brand/422_40.png
2021,3,22,벤틀리,20,0.1%,https://autoimg.danawa.com/photo/brand/390_40.png
2021,3,23,DS,16,0.1%,https://autoimg.danawa.com/photo/brand/618_40.png
2021,3,24,롤스로이스,12,0.0%,https://autoimg.danawa.com/photo/brand/385_40.png
2021,4,1,벤츠,"8,430",33.8%,https://autoimg.danawa.com/photo/brand/349_40.png
2021,4,2,BMW,"6,113",24.5%,https://autoimg.danawa.com/photo/brand/362_40.png
2021,4,3,아우디,"1,320",5.3%,https://autoimg.danawa.com/photo/brand/371_40.png
2021,4,4,볼보,"1,263",5.1%,https://autoimg.danawa.com/photo/brand/459_40.png
2021,4,5,폭스바겐,"1,080",4.3%,https://autoimg.danawa.com/photo/brand/376_40.png
2021,4,6,미니,"1,051",4.2%,https://autoimg.danawa.com/photo/brand/367_40.png
2021,4,7,지프,"1,001",4.0%,https://autoimg.danawa.com/photo/brand/587_40.png
2021,4,8,포르쉐,978,3.9%,https://autoimg.danawa.com/photo/brand/381_40.png
2021,4,9,포드,902,3.6%,https://autoimg.danawa.com/photo/brand/569_40.png
2021,4,10,렉서스,826,3.3%,https://autoimg.danawa.com/photo/brand/486_40.png
2021,4,11,토요타,523,2.1%,https://autoimg.danawa.com/photo/brand/491_40.png
2021,4,12,링컨,447,1.8%,https://autoimg.danawa.com/photo/brand/573_40.png
2021,4,13,혼다,235,0.9%,https://autoimg.danawa.com/photo/brand/500_40.png
2021,4,14,푸조,221,0.9%,https://autoimg.danawa.com/photo/brand/413_40.png
2021,4,15,랜드로버,119,0.5%,https://autoimg.danawa.com/photo/brand/399_40.png
2021,4,16,캐딜락,76,0.3%,https://autoimg.danawa.com/photo/brand/546_40.png
2021,4,17,테슬라,76,0.3%,https://autoimg.danawa.com/photo/brand/611_40.png
2021,4,18,마세라티,74,0.3%,https://autoimg.danawa.com/photo/brand/445_40.png
2021,4,19,시트로엥,37,0.1%,https://autoimg.danawa.com/photo/brand/422_40.png
2021,4,20,람보르기니,37,0.1%,https://autoimg.danawa.com/photo/brand/440_40.png
2021,4,21,벤틀리,36,0.1%,https://autoimg.danawa.com/photo/brand/390_40.png
2021,4,22,재규어,28,0.1%,https://autoimg.danawa.com/photo/brand/394_40.png
2021,4,23,롤스로이스,24,0.1%,https://autoimg.danawa.com/photo/brand/385_40.png
2021,4,24,DS,20,0.1%,https://autoimg.danawa.com/photo/brand/618_40.png
2021,5,1,벤츠,"7,690",28.6%,https://autoimg.danawa.com/photo/brand/349_40.png
2021,5,2,BMW,"6,257",23.3%,https://autoimg.danawa.com/photo/brand/362_40.png
2021,5,3,테슬라,"3,461",12.9%,https://autoimg.danawa.com/photo/brand/611_40.png
2021,5,4,폭스바겐,"1,358",5.0%,https://autoimg.danawa.com/photo/brand/376_40.png
2021,5,5,볼보,"1,264",4.7%,https://autoimg.danawa.com/photo/brand/459_40.png
2021,5,6,지프,"1,110",4.1%,https://autoimg.danawa.com/photo/brand/587_40.png
2021,5,7,미니,"1,095",4.1%,https://autoimg.danawa.com/photo/brand/367_40.png
2021,5,8,렉서스,"1,007",3.7%,https://autoimg.danawa.com/photo/brand/486_40.png
2021,5,9,포르쉐,847,3.1%,https://autoimg.danawa.com/photo/brand/381_40.png
2021,5,10,포드,655,2.4%,https://autoimg.danawa.com/photo/brand/569_40.png
2021,5,11,토요타,626,2.3%,https://autoimg.danawa.com/photo/brand/491_40.png
2021,5,12,혼다,402,1.5%,https://autoimg.danawa.com/photo/brand/500_40.png
2021,5,13,링컨,312,1.2%,https://autoimg.danawa.com/photo/brand/573_40.png
2021,5,14,아우디,229,0.9%,https://autoimg.danawa.com/photo/brand/371_40.png
2021,5,15,푸조,194,0.7%,https://autoimg.danawa.com/photo/brand/413_40.png
2021,5,16,랜드로버,97,0.4%,https://autoimg.danawa.com/photo/brand/399_40.png
2021,5,17,캐딜락,74,0.3%,https://autoimg.danawa.com/photo/brand/546_40.png
2021,5,18,마세라티,65,0.2%,https://autoimg.danawa.com/photo/brand/445_40.png
2021,5,19,벤틀리,56,0.2%,https://autoimg.danawa.com/photo/brand/390_40.png
2021,5,20,람보르기니,32,0.1%,https://autoimg.danawa.com/photo/brand/440_40.png
2021,5,21,시트로엥,26,0.1%,https://autoimg.danawa.com/photo/brand/422_40.png
2021,5,22,롤스로이스,23,0.1%,https://autoimg.danawa.com/photo/brand/385_40.png
2021,5,23,재규어,8,0.0%,https://autoimg.danawa.com/photo/brand/394_40.png
2021,5,24,DS,8,0.0%,https://autoimg.danawa.com/photo/brand/618_40.png
2021,6,1,벤츠,"6,828",22.6%,https://autoimg.danawa.com/photo/brand/349_40.png
2021,6,2,BMW,"6,502",21.5%,https://autoimg.danawa.com/photo/brand/362_40.png
2021,6,3,테슬라,"4,860",16.1%,https://autoimg.danawa.com/photo/brand/611_40.png
2021,6,4,아우디,"1,848",6.1%,https://autoimg.danawa.com/photo/brand/371_40.png
2021,6,5,폭스바겐,"1,667",5.5%,https://autoimg.danawa.com/photo/brand/376_40.png
2021,6,6,볼보,"1,451",4.8%,https://autoimg.danawa.com/photo/brand/459_40.png
2021,6,7,미니,"1,197",4.0%,https://autoimg.danawa.com/photo/brand/367_40.png
2021,6,8,지프,"1,134",3.7%,https://autoimg.danawa.com/photo/brand/587_40.png
2021,6,9,렉서스,"1,055",3.5%,https://autoimg.danawa.com/photo/brand/486_40.png
2021,6,10,포르쉐,967,3.2%,https://autoimg.danawa.com/photo/brand/381_40.png
2021,6,11,토요타,710,2.3%,https://autoimg.danawa.com/photo/brand/491_40.png
2021,6,12,포드,689,2.3%,https://autoimg.danawa.com/photo/brand/569_40.png
2021,6,13,혼다,305,1.0%,https://autoimg.danawa.com/photo/brand/500_40.png
2021,6,14,랜드로버,258,0.9%,https://autoimg.danawa.com/photo/brand/399_40.png
2021,6,15,링컨,237,0.8%,https://autoimg.danawa.com/photo/brand/573_40.png
2021,6,16,푸조,228,0.8%,https://autoimg.danawa.com/photo/brand/413_40.png
2021,6,17,캐딜락,77,0.3%,https://autoimg.danawa.com/photo/brand/546_40.png
2021,6,18,마세라티,76,0.3%,https://autoimg.danawa.com/photo/brand/445_40.png
2021,6,19,벤틀리,61,0.2%,https://autoimg.danawa.com/photo/brand/390_40.png
2021,6,20,람보르기니,30,0.1%,https://autoimg.danawa.com/photo/brand/440_40.png
2021,6,21,재규어,24,0.1%,https://autoimg.danawa.com/photo/brand/394_40.png
2021,6,22,롤스로이스,24,0.1%,https://autoimg.danawa.com/photo/brand/385_40.png
2021,6,23,시트로엥,19,0.1%,https://autoimg.danawa.com/photo/brand/422_40.png
2021,6,24,DS,15,0.0%,https://autoimg.danawa.com/photo/brand/618_40.png
2021,7,1,벤츠,"7,083",29.9%,https://autoimg.danawa.com/photo/brand/349_40.png
2021,7,2,BMW,"6,022",25.5%,https://autoimg.danawa.com/photo/brand/362_40.png
2021,7,3,아우디,"2,632",11.1%,https://autoimg.danawa.com/photo/brand/371_40.png
2021,7,4,볼보,"1,153",4.9%,https://autoimg.danawa.com/photo/brand/459_40.png
2021,7,5,렉서스,"1,027",4.3%,https://autoimg.danawa.com/photo/brand/486_40.png
2021,7,6,지프,"1,003",4.2%,https://autoimg.danawa.com/photo/brand/587_40.png
2021,7,7,폭스바겐,941,4.0%,https://autoimg.danawa.com/photo/brand/376_40.png
2021,7,8,미니,870,3.7%,https://autoimg.danawa.com/photo/brand/367_40.png
2021,7,9,포르쉐,699,3.0%,https://autoimg.danawa.com/photo/brand/381_40.png
2021,7,10,토요타,691,2.9%,https://autoimg.danawa.com/photo/brand/491_40.png
2021,7,11,혼다,327,1.4%,https://autoimg.danawa.com/photo/brand/500_40.png
2021,7,12,포드,300,1.3%,https://autoimg.danawa.com/photo/brand/569_40.png
2021,7,13,랜드로버,239,1.0%,https://autoimg.danawa.com/photo/brand/399_40.png
2021,7,14,푸조,171,0.7%,https://autoimg.danawa.com/photo/brand/413_40.png
2021,7,15,링컨,164,0.7%,https://autoimg.danawa.com/photo/brand/573_40.png
2021,7,16,캐딜락,78,0.3%,https://autoimg.danawa.com/photo/brand/546_40.png
2021,7,17,마세라티,62,0.3%,https://autoimg.danawa.com/photo/brand/445_40.png
2021,7,18,벤틀리,47,0.2%,https://autoimg.danawa.com/photo/brand/390_40.png
2021,7,19,시트로엥,37,0.2%,https://autoimg.danawa.com/photo/brand/422_40.png
2021,7,20,람보르기니,34,0.1%,https://autoimg.danawa.com/photo/brand/440_40.png
2021,7,21,테슬라,22,0.1%,https://autoimg.danawa.com/photo/brand/611_40.png
2021,7,22,DS,20,0.1%,https://autoimg.danawa.com/photo/brand/618_40.png
2021,7,23,롤스로이스,20,0.1%,https://autoimg.danawa.com/photo/brand/385_40.png
2021,7,24,재규어,14,0.1%,https://autoimg.danawa.com/photo/brand/394_40.png
2021,8,1,벤츠,"6,734",28.5%,https://autoimg.danawa.com/photo/brand/349_40.png
2021,8,2,BMW,"5,214",22.1%,https://autoimg.danawa.com/photo/brand/362_40.png
2021,8,3,테슬라,"2,431",10.3%,https://autoimg.danawa.com/photo/brand/611_40.png
2021,8,4,아우디,"1,341",5.7%,https://autoimg.danawa.com/photo/brand/371_40.png
2021,8,5,폭스바겐,"1,305",5.5%,https://autoimg.danawa.com/photo/brand/376_40.png
2021,8,6,볼보,"1,152",4.9%,https://autoimg.danawa.com/photo/brand/459_40.png
2021,8,7,미니,969,4.1%,https://autoimg.danawa.com/photo/brand/367_40.png
2021,8,8,렉서스,933,4.0%,https://autoimg.danawa.com/photo/brand/486_40.png
2021,8,9,포르쉐,657,2.8%,https://autoimg.danawa.com/photo/brand/381_40.png
2021,8,10,혼다,518,2.2%,https://autoimg.danawa.com/photo/brand/500_40.png
2021,8,11,토요타,467,2.0%,https://autoimg.danawa.com/photo/brand/491_40.png
2021,8,12,지프,428,1.8%,https://autoimg.danawa.com/photo/brand/587_40.png
2021,8,13,포드,326,1.4%,https://autoimg.danawa.com/photo/brand/569_40.png
2021,8,14,랜드로버,284,1.2%,https://autoimg.danawa.com/photo/brand/399_40.png
2021,8,15,링컨,249,1.1%,https://autoimg.danawa.com/photo/brand/573_40.png
2021,8,16,푸조,203,0.9%,https://autoimg.danawa.com/photo/brand/413_40.png
2021,8,17,캐딜락,132,0.6%,https://autoimg.danawa.com/photo/brand/546_40.png
2021,8,18,마세라티,80,0.3%,https://autoimg.danawa.com/photo/brand/445_40.png
2021,8,19,벤틀리,53,0.2%,https://autoimg.danawa.com/photo/brand/390_40.png
2021,8,20,람보르기니,36,0.2%,https://autoimg.danawa.com/photo/brand/440_40.png
2021,8,21,시트로엥,30,0.1%,https://autoimg.danawa.com/photo/brand/422_40.png
2021,8,22,DS,23,0.1%,https://autoimg.danawa.com/photo/brand/618_40.png
2021,8,23,재규어,19,0.1%,https://autoimg.danawa.com/photo/brand/394_40.png
2021,8,24,롤스로이스,17,0.1%,https://autoimg.danawa.com/photo/brand/385_40.png
2021,9,1,벤츠,"6,245",28.9%,https://autoimg.danawa.com/photo/brand/349_40.png
2021,9,2,BMW,"4,944",22.9%,https://autoimg.danawa.com/photo/brand/362_40.png
2021,9,3,테슬라,"2,206",10.2%,https://autoimg.danawa.com/photo/brand/611_40.png
2021,9,4,볼보,"1,259",5.8%,https://autoimg.danawa.com/photo/brand/459_40.png
2021,9,5,아우디,"1,150",5.3%,https://autoimg.danawa.com/photo/brand/371_40.png
2021,9,6,미니,961,4.5%,https://autoimg.danawa.com/photo/brand/367_40.png
2021,9,7,폭스바겐,817,3.8%,https://autoimg.danawa.com/photo/brand/376_40.png
2021,9,8,렉서스,644,3.0%,https://autoimg.danawa.com/photo/brand/486_40.png
2021,9,9,지프,592,2.7%,https://autoimg.danawa.com/photo/brand/587_40.png
2021,9,10,혼다,513,2.4%,https://autoimg.danawa.com/photo/brand/500_40.png
2021,9,11,포르쉐,490,2.3%,https://autoimg.danawa.com/photo/brand/381_40.png
2021,9,12,토요타,436,2.0%,https://autoimg.danawa.com/photo/brand/491_40.png
2021,9,13,포드,296,1.4%,https://autoimg.danawa.com/photo/brand/569_40.png
2021,9,14,랜드로버,286,1.3%,https://autoimg.danawa.com/photo/brand/399_40.png
2021,9,15,푸조,217,1.0%,https://autoimg.danawa.com/photo/brand/413_40.png
2021,9,16,링컨,164,0.8%,https://autoimg.danawa.com/photo/brand/573_40.png
2021,9,17,캐딜락,100,0.5%,https://autoimg.danawa.com/photo/brand/546_40.png
2021,9,18,벤틀리,65,0.3%,https://autoimg.danawa.com/photo/brand/390_40.png
2021,9,19,시트로엥,54,0.3%,https://autoimg.danawa.com/photo/brand/422_40.png
2021,9,20,마세라티,50,0.2%,https://autoimg.danawa.com/photo/brand/445_40.png
2021,9,21,람보르기니,34,0.2%,https://autoimg.danawa.com/photo/brand/440_40.png
2021,9,22,DS,31,0.1%,https://autoimg.danawa.com/photo/brand/618_40.png
2021,9,23,롤스로이스,20,0.1%,https://autoimg.danawa.com/photo/brand/385_40.png
2021,9,24,재규어,16,0.1%,https://autoimg.danawa.com/photo/brand/394_40.png
2021,10,1,BMW,"4,824",26.5%,https://autoimg.danawa.com/photo/brand/362_40.png
2021,10,2,벤츠,"3,623",19.9%,https://autoimg.danawa.com/photo/brand/349_40.png
2021,10,3,아우디,"2,639",14.5%,https://autoimg.danawa.com/photo/brand/371_40.png
2021,10,4,볼보,"1,125",6.2%,https://autoimg.danawa.com/photo/brand/459_40.png
2021,10,5,지프,750,4.1%,https://autoimg.danawa.com/photo/brand/587_40.png
2021,10,6,폭스바겐,719,4.0%,https://autoimg.danawa.com/photo/brand/376_40.png
2021,10,7,미니,701,3.9%,https://autoimg.danawa.com/photo/brand/367_40.png
2021,10,8,렉서스,656,3.6%,https://autoimg.danawa.com/photo/brand/486_40.png
2021,10,9,혼다,526,2.9%,https://autoimg.danawa.com/photo/brand/500_40.png
2021,10,10,토요타,521,2.9%,https://autoimg.danawa.com/photo/brand/491_40.png
2021,10,11,포르쉐,512,2.8%,https://autoimg.danawa.com/photo/brand/381_40.png
2021,10,12,포드,502,2.8%,https://autoimg.danawa.com/photo/brand/569_40.png
2021,10,13,랜드로버,327,1.8%,https://autoimg.danawa.com/photo/brand/399_40.png
2021,10,14,푸조,250,1.4%,https://autoimg.danawa.com/photo/brand/413_40.png
2021,10,15,링컨,195,1.1%,https://autoimg.danawa.com/photo/brand/573_40.png
2021,10,16,캐딜락,92,0.5%,https://autoimg.danawa.com/photo/brand/546_40.png
2021,10,17,시트로엥,60,0.3%,https://autoimg.danawa.com/photo/brand/422_40.png
2021,10,18,마세라티,57,0.3%,https://autoimg.danawa.com/photo/brand/445_40.png
2021,10,19,DS,44,0.2%,https://autoimg.danawa.com/photo/brand/618_40.png
2021,10,20,람보르기니,33,0.2%,https://autoimg.danawa.com/photo/brand/440_40.png
2021,10,21,벤틀리,17,0.1%,https://autoimg.danawa.com/photo/brand/390_40.png
2021,10,22,롤스로이스,12,0.1%,https://autoimg.danawa.com/photo/brand/385_40.png
2021,10,23,재규어,7,0.0%,https://autoimg.danawa.com/photo/brand/394_40.png
2021,10,24,테슬라,3,0.0%,https://autoimg.danawa.com/photo/brand/611_40.png
2021,11,1,BMW,"4,171",21.0%,https://autoimg.danawa.com/photo/brand/362_40.png
2021,11,2,벤츠,"3,545",17.8%,https://autoimg.danawa.com/photo/brand/349_40.png
2021,11,3,아우디,"2,682",13.5%,https://autoimg.danawa.com/photo/brand/371_40.png
2021,11,4,테슬라,"1,527",7.7%,https://autoimg.danawa.com/photo/brand/611_40.png
2021,11,5,볼보,"1,317",6.6%,https://autoimg.danawa.com/photo/brand/459_40.png
2021,11,6,폭스바겐,910,4.6%,https://autoimg.danawa.com/photo/brand/376_40.png
2021,11,7,렉서스,866,4.4%,https://autoimg.danawa.com/photo/brand/486_40.png
2021,11,8,포드,801,4.0%,https://autoimg.danawa.com/photo/brand/569_40.png
2021,11,9,미니,738,3.7%,https://autoimg.danawa.com/photo/brand/367_40.png
2021,11,10,지프,650,3.3%,https://autoimg.danawa.com/photo/brand/587_40.png
2021,11,11,토요타,600,3.0%,https://autoimg.danawa.com/photo/brand/491_40.png
2021,11,12,혼다,484,2.4%,https://autoimg.danawa.com/photo/brand/500_40.png
2021,11,13,포르쉐,444,2.2%,https://autoimg.danawa.com/photo/brand/381_40.png
2021,11,14,랜드로버,351,1.8%,https://autoimg.danawa.com/photo/brand/399_40.png
2021,11,15,링컨,336,1.7%,https://autoimg.danawa.com/photo/brand/573_40.png
2021,11,16,푸조,188,0.9%,https://autoimg.danawa.com/photo/brand/413_40.png
2021,11,17,벤틀리,94,0.5%,https://autoimg.danawa.com/photo/brand/390_40.png
2021,11,18,마세라티,76,0.4%,https://autoimg.danawa.com/photo/brand/445_40.png
2021,11,19,캐딜락,44,0.2%,https://autoimg.danawa.com/photo/brand/546_40.png
2021,11,20,시트로엥,31,0.2%,https://autoimg.danawa.com/photo/brand/422_40.png
2021,11,21,롤스로이스,18,0.1%,https://autoimg.danawa.com/photo/brand/385_40.png
2021,11,22,재규어,15,0.1%,https://autoimg.danawa.com/photo/brand/394_40.png
2021,11,23,DS,12,0.1%,https://autoimg.danawa.com/photo/brand/618_40.png
2021,11,24,람보르기니,6,0.0%,https://autoimg.danawa.com/photo/brand/440_40.png
2021,12,1,벤츠,"6,752",28.7%,https://autoimg.danawa.com/photo/brand/349_40.png
2021,12,2,아우디,"4,373",18.6%,https://autoimg.danawa.com/photo/brand/371_40.png
2021,12,3,BMW,"4,233",18.0%,https://autoimg.danawa.com/photo/brand/362_40.png
2021,12,4,볼보,"1,418",6.0%,https://autoimg.danawa.com/photo/brand/459_40.png
2021,12,5,지프,"1,099",4.7%,https://autoimg.danawa.com/photo/brand/587_40.png
2021,12,6,폭스바겐,920,3.9%,https://autoimg.danawa.com/photo/brand/376_40.png
2021,12,7,포드,912,3.9%,https://autoimg.danawa.com/photo/brand/569_40.png
2021,12,8,렉서스,758,3.2%,https://autoimg.danawa.com/photo/brand/486_40.png
2021,12,9,미니,735,3.1%,https://autoimg.danawa.com/photo/brand/367_40.png
2021,12,10,토요타,509,2.2%,https://autoimg.danawa.com/photo/brand/491_40.png
2021,12,11,링컨,394,1.7%,https://autoimg.danawa.com/photo/brand/573_40.png
2021,12,12,랜드로버,313,1.3%,https://autoimg.danawa.com/photo/brand/399_40.png
2021,12,13,혼다,300,1.3%,https://autoimg.danawa.com/photo/brand/500_40.png
2021,12,14,포르쉐,264,1.1%,https://autoimg.danawa.com/photo/brand/381_40.png
2021,12,15,푸조,215,0.9%,https://autoimg.danawa.com/photo/brand/413_40.png
2021,12,16,마세라티,112,0.5%,https://autoimg.danawa.com/photo/brand/445_40.png
2021,12,17,캐딜락,39,0.2%,https://autoimg.danawa.com/photo/brand/546_40.png
2021,12,18,재규어,34,0.1%,https://autoimg.danawa.com/photo/brand/394_40.png
2021,12,19,시트로엥,30,0.1%,https://autoimg.danawa.com/photo/brand/422_40.png
2021,12,20,람보르기니,30,0.1%,https://autoimg.danawa.com/photo/brand/440_40.png
2021,12,21,벤틀리,22,0.1%,https://autoimg.danawa.com/photo/brand/390_40.png
2021,12,22,롤스로이스,14,0.1%,https://autoimg.danawa.com/photo/brand/385_40.png
2021,12,23,테슬라,10,0.0%,https://autoimg.danawa.com/photo/brand/611_40.png
2021,12,24,DS,6,0.0%,https://autoimg.danawa.com/photo/brand/618_40.png
2022,1,1,BMW,"5,550",32.8%,https://autoimg.danawa.com/photo/brand/362_40.png
2022,1,2,벤츠,"3,405",20.1%,https://autoimg.danawa.com/photo/brand/349_40.png
2022,1,3,아우디,"1,269",7.5%,https://autoimg.danawa.com/photo/brand/371_40.png
2022,1,4,폭스바겐,"1,213",7.2%,https://autoimg.danawa.com/photo/brand/376_40.png
2022,1,5,볼보,"1,004",5.9%,https://autoimg.danawa.com/photo/brand/459_40.png
2022,1,6,미니,819,4.8%,https://autoimg.danawa.com/photo/brand/367_40.png
2022,1,7,포르쉐,677,4.0%,https://autoimg.danawa.com/photo/brand/381_40.png
2022,1,8,포드,605,3.6%,https://autoimg.danawa.com/photo/brand/569_40.png
2022,1,9,렉서스,513,3.0%,https://autoimg.danawa.com/photo/brand/486_40.png
2022,1,10,지프,498,2.9%,https://autoimg.danawa.com/photo/brand/587_40.png
2022,1,11,토요타,304,1.8%,https://autoimg.danawa.com/photo/brand/491_40.png
2022,1,12,혼다,295,1.7%,https://autoimg.danawa.com/photo/brand/500_40.png
2022,1,13,랜드로버,276,1.6%,https://autoimg.danawa.com/photo/brand/399_40.png
2022,1,14,링컨,156,0.9%,https://autoimg.danawa.com/photo/brand/573_40.png
2022,1,15,푸조,110,0.7%,https://autoimg.danawa.com/photo/brand/413_40.png
2022,1,16,마세라티,40,0.2%,https://autoimg.danawa.com/photo/brand/445_40.png
2022,1,17,캐딜락,37,0.2%,https://autoimg.danawa.com/photo/brand/546_40.png
2022,1,18,벤틀리,35,0.2%,https://autoimg.danawa.com/photo/brand/390_40.png
2022,1,19,롤스로이스,23,0.1%,https://autoimg.danawa.com/photo/brand/385_40.png
2022,1,20,폴스타,20,0.1%,https://autoimg.danawa.com/photo/brand/458_40.png
2022,1,21,시트로엥,19,0.1%,https://autoimg.danawa.com/photo/brand/422_40.png
2022,1,22,람보르기니,16,0.1%,https://autoimg.danawa.com/photo/brand/440_40.png
2022,1,23,재규어,15,0.1%,https://autoimg.danawa.com/photo/brand/394_40.png
2022,1,24,DS,7,0.0%,https://autoimg.danawa.com/photo/brand/618_40.png
2022,1,25,테슬라,1,0.0%,https://autoimg.danawa.com/photo/brand/611_40.png
2022,2,1,벤츠,"5,970",31.2%,https://autoimg.danawa.com/photo/brand/349_40.png
2022,2,2,BMW,"5,656",29.6%,https://autoimg.danawa.com/photo/brand/362_40.png
2022,2,3,아우디,"1,227",6.4%,https://autoimg.danawa.com/photo/brand/371_40.png
2022,2,4,폭스바겐,"1,108",5.8%,https://autoimg.danawa.com/photo/brand/376_40.png
2022,2,5,볼보,"1,047",5.5%,https://autoimg.danawa.com/photo/brand/459_40.png
2022,2,6,포르쉐,777,4.1%,https://autoimg.danawa.com/photo/brand/381_40.png
2022,2,7,미니,732,3.8%,https://autoimg.danawa.com/photo/brand/367_40.png
2022,2,8,렉서스,474,2.5%,https://autoimg.danawa.com/photo/brand/486_40.png
2022,2,9,지프,441,2.3%,https://autoimg.danawa.com/photo/brand/587_40.png
2022,2,10,토요타,279,1.5%,https://autoimg.danawa.com/photo/brand/491_40.png
2022,2,11,혼다,256,1.3%,https://autoimg.danawa.com/photo/brand/500_40.png
2022,2,12,링컨,220,1.2%,https://autoimg.danawa.com/photo/brand/573_40.png
2022,2,13,테슬라,205,1.1%,https://autoimg.danawa.com/photo/brand/611_40.png
2022,2,14,랜드로버,190,1.0%,https://autoimg.danawa.com/photo/brand/399_40.png
2022,2,15,푸조,183,1.0%,https://autoimg.danawa.com/photo/brand/413_40.png
2022,2,16,포드,180,0.9%,https://autoimg.danawa.com/photo/brand/569_40.png
2022,2,17,마세라티,52,0.3%,https://autoimg.danawa.com/photo/brand/445_40.png
2022,2,18,벤틀리,35,0.2%,https://autoimg.danawa.com/photo/brand/390_40.png
2022,2,19,롤스로이스,23,0.1%,https://autoimg.danawa.com/photo/brand/385_40.png
2022,2,20,캐딜락,20,0.1%,https://autoimg.danawa.com/photo/brand/546_40.png
2022,2,21,재규어,17,0.1%,https://autoimg.danawa.com/photo/brand/394_40.png
2022,2,22,람보르기니,17,0.1%,https://autoimg.danawa.com/photo/brand/440_40.png
2022,2,23,DS,8,0.0%,https://autoimg.danawa.com/photo/brand/618_40.png
2022,2,24,시트로엥,7,0.0%,https://autoimg.danawa.com/photo/brand/422_40.png
2022,3,1,벤츠,"8,767",32.4%,https://autoimg.danawa.com/photo/brand/349_40.png
2022,3,2,BMW,"6,837",25.3%,https://autoimg.danawa.com/photo/brand/362_40.png
2022,3,3,테슬라,"2,496",9.2%,https://autoimg.danawa.com/photo/brand/611_40.png
2022,3,4,볼보,"1,309",4.8%,https://autoimg.danawa.com/photo/brand/459_40.png
2022,3,5,미니,"1,273",4.7%,https://autoimg.danawa.com/photo/brand/367_40.png
2022,3,6,아우디,"1,155",4.3%,https://autoimg.danawa.com/photo/brand/371_40.png
2022,3,7,폭스바겐,"1,053",3.9%,https://autoimg.danawa.com/photo/brand/376_40.png
2022,3,8,포르쉐,951,3.5%,https://autoimg.danawa.com/photo/brand/381_40.png
2022,3,9,렉서스,554,2.0%,https://autoimg.danawa.com/photo/brand/486_40.png
2022,3,10,지프,541,2.0%,https://autoimg.danawa.com/photo/brand/587_40.png
2022,3,11,토요타,526,1.9%,https://autoimg.danawa.com/photo/brand/491_40.png
2022,3,12,푸조,290,1.1%,https://autoimg.danawa.com/photo/brand/413_40.png
2022,3,13,랜드로버,277,1.0%,https://autoimg.danawa.com/photo/brand/399_40.png
2022,3,14,폴스타,249,0.9%,https://autoimg.danawa.com/photo/brand/458_40.png
2022,3,15,포드,177,0.7%,https://autoimg.danawa.com/photo/brand/569_40.png
2022,3,16,링컨,167,0.6%,https://autoimg.danawa.com/photo/brand/573_40.png
2022,3,17,혼다,122,0.5%,https://autoimg.danawa.com/photo/brand/500_40.png
2022,3,18,마세라티,85,0.3%,https://autoimg.danawa.com/photo/brand/445_40.png
2022,3,19,캐딜락,82,0.3%,https://autoimg.danawa.com/photo/brand/546_40.png
2022,3,20,벤틀리,52,0.2%,https://autoimg.danawa.com/photo/brand/390_40.png
2022,3,21,람보르기니,30,0.1%,https://autoimg.danawa.com/photo/brand/440_40.png
2022,3,22,롤스로이스,21,0.1%,https://autoimg.danawa.com/photo/brand/385_40.png
2022,3,23,DS,14,0.1%,https://autoimg.danawa.com/photo/brand/618_40.png
2022,3,24,시트로엥,12,0.0%,https://autoimg.danawa.com/photo/brand/422_40.png
2022,3,25,재규어,12,0.0%,https://autoimg.danawa.com/photo/brand/394_40.png
2022,4,1,벤츠,"7,822",34.3%,https://autoimg.danawa.com/photo/brand/349_40.png
2022,4,2,BMW,"6,658",29.2%,https://autoimg.danawa.com/photo/brand/362_40.png
2022,4,3,볼보,"1,332",5.8%,https://autoimg.danawa.com/photo/brand/459_40.png
2022,4,4,아우디,"1,051",4.6%,https://autoimg.danawa.com/photo/brand/371_40.png
2022,4,5,포르쉐,918,4.0%,https://autoimg.danawa.com/photo/brand/381_40.png
2022,4,6,폭스바겐,847,3.7%,https://autoimg.danawa.com/photo/brand/376_40.png
2022,4,7,미니,779,3.4%,https://autoimg.danawa.com/photo/brand/367_40.png
2022,4,8,토요타,648,2.8%,https://autoimg.danawa.com/photo/brand/491_40.png
2022,4,9,지프,565,2.5%,https://autoimg.danawa.com/photo/brand/587_40.png
2022,4,10,렉서스,478,2.1%,https://autoimg.danawa.com/photo/brand/486_40.png
2022,4,11,폴스타,460,2.0%,https://autoimg.danawa.com/photo/brand/458_40.png
2022,4,12,링컨,267,1.2%,https://autoimg.danawa.com/photo/brand/573_40.png
2022,4,13,혼다,195,0.9%,https://autoimg.danawa.com/photo/brand/500_40.png
2022,4,14,랜드로버,189,0.8%,https://autoimg.danawa.com/photo/brand/399_40.png
2022,4,15,포드,186,0.8%,https://autoimg.danawa.com/photo/brand/569_40.png
2022,4,16,푸조,163,0.7%,https://autoimg.danawa.com/photo/brand/413_40.png
2022,4,17,캐딜락,72,0.3%,https://autoimg.danawa.com/photo/brand/546_40.png
2022,4,18,벤틀리,66,0.3%,https://autoimg.danawa.com/photo/brand/390_40.png
2022,4,19,마세라티,58,0.3%,https://autoimg.danawa.com/photo/brand/445_40.png
2022,4,20,람보르기니,20,0.1%,https://autoimg.danawa.com/photo/brand/440_40.png
2022,4,21,재규어,19,0.1%,https://autoimg.danawa.com/photo/brand/394_40.png
2022,4,22,롤스로이스,12,0.1%,https://autoimg.danawa.com/photo/brand/385_40.png
2022,4,23,DS,4,0.0%,https://autoimg.danawa.com/photo/brand/618_40.png
2022,4,24,시트로엥,1,0.0%,https://autoimg.danawa.com/photo/brand/422_40.png
2022,4,25,테슬라,1,0.0%,https://autoimg.danawa.com/photo/brand/611_40.png
2022,5,1,벤츠,"7,388",29.6%,https://autoimg.danawa.com/photo/brand/349_40.png
2022,5,2,BMW,"6,402",25.6%,https://autoimg.danawa.com/photo/brand/362_40.png
2022,5,3,테슬라,"1,880",7.5%,https://autoimg.danawa.com/photo/brand/611_40.png
2022,5,4,아우디,"1,865",7.5%,https://autoimg.danawa.com/photo/brand/371_40.png
2022,5,5,폭스바겐,"1,182",4.7%,https://autoimg.danawa.com/photo/brand/376_40.png
2022,5,6,미니,"1,087",4.4%,https://autoimg.danawa.com/photo/brand/367_40.png
2022,5,7,볼보,"1,015",4.1%,https://autoimg.danawa.com/photo/brand/459_40.png
2022,5,8,포르쉐,702,2.8%,https://autoimg.danawa.com/photo/brand/381_40.png
2022,5,9,지프,591,2.4%,https://autoimg.danawa.com/photo/brand/587_40.png
2022,5,10,링컨,582,2.3%,https://autoimg.danawa.com/photo/brand/573_40.png
2022,5,11,토요타,480,1.9%,https://autoimg.danawa.com/photo/brand/491_40.png
2022,5,12,포드,456,1.8%,https://autoimg.danawa.com/photo/brand/569_40.png
2022,5,13,렉서스,391,1.6%,https://autoimg.danawa.com/photo/brand/486_40.png
2022,5,14,혼다,265,1.1%,https://autoimg.danawa.com/photo/brand/500_40.png
2022,5,15,폴스타,150,0.6%,https://autoimg.danawa.com/photo/brand/458_40.png
2022,5,16,랜드로버,144,0.6%,https://autoimg.danawa.com/photo/brand/399_40.png
2022,5,17,푸조,100,0.4%,https://autoimg.danawa.com/photo/brand/413_40.png
2022,5,18,벤틀리,75,0.3%,https://autoimg.danawa.com/photo/brand/390_40.png
2022,5,19,캐딜락,70,0.3%,https://autoimg.danawa.com/photo/brand/546_40.png
2022,5,20,마세라티,65,0.3%,https://autoimg.danawa.com/photo/brand/445_40.png
2022,5,21,람보르기니,30,0.1%,https://autoimg.danawa.com/photo/brand/440_40.png
2022,5,22,재규어,24,0.1%,https://autoimg.danawa.com/photo/brand/394_40.png
2022,5,23,롤스로이스,22,0.1%,https://autoimg.danawa.com/photo/brand/385_40.png
2022,5,24,DS,8,0.0%,https://autoimg.danawa.com/photo/brand/618_40.png
2022,6,1,BMW,"6,449",26.6%,https://autoimg.danawa.com/photo/brand/362_40.png
2022,6,2,벤츠,"5,845",24.1%,https://autoimg.danawa.com/photo/brand/349_40.png
2022,6,3,테슬라,"2,163",8.9%,https://autoimg.danawa.com/photo/brand/611_40.png
2022,6,4,아우디,"1,903",7.9%,https://autoimg.danawa.com/photo/brand/371_40.png
2022,6,5,볼보,"1,306",5.4%,https://autoimg.danawa.com/photo/brand/459_40.png
2022,6,6,폭스바겐,"1,099",4.5%,https://autoimg.danawa.com/photo/brand/376_40.png
2022,6,7,미니,"1,086",4.5%,https://autoimg.danawa.com/photo/brand/367_40.png
2022,6,8,렉서스,734,3.0%,https://autoimg.danawa.com/photo/brand/486_40.png
2022,6,9,포르쉐,669,2.8%,https://autoimg.danawa.com/photo/brand/381_40.png
2022,6,10,지프,644,2.7%,https://autoimg.danawa.com/photo/brand/587_40.png
2022,6,11,토요타,626,2.6%,https://autoimg.danawa.com/photo/brand/491_40.png
2022,6,12,혼다,469,1.9%,https://autoimg.danawa.com/photo/brand/500_40.png
2022,6,13,포드,378,1.6%,https://autoimg.danawa.com/photo/brand/569_40.png
2022,6,14,링컨,213,0.9%,https://autoimg.danawa.com/photo/brand/573_40.png
2022,6,15,랜드로버,182,0.8%,https://autoimg.danawa.com/photo/brand/399_40.png
2022,6,16,푸조,124,0.5%,https://autoimg.danawa.com/photo/brand/413_40.png
2022,6,17,벤틀리,80,0.3%,https://autoimg.danawa.com/photo/brand/390_40.png
2022,6,18,캐딜락,70,0.3%,https://autoimg.danawa.com/photo/brand/546_40.png
2022,6,19,마세라티,60,0.2%,https://autoimg.danawa.com/photo/brand/445_40.png
2022,6,20,폴스타,57,0.2%,https://autoimg.danawa.com/photo/brand/458_40.png
2022,6,21,람보르기니,35,0.1%,https://autoimg.danawa.com/photo/brand/440_40.png
2022,6,22,재규어,20,0.1%,https://autoimg.danawa.com/photo/brand/394_40.png
2022,6,23,롤스로이스,18,0.1%,https://autoimg.danawa.com/photo/brand/385_40.png
2022,6,24,DS,3,0.0%,https://autoimg.danawa.com/photo/brand/618_40.png
2022,7,1,BMW,"5,490",26.9%,https://autoimg.danawa.com/photo/brand/362_40.png
2022,7,2,벤츠,"5,456",26.7%,https://autoimg.danawa.com/photo/brand/349_40.png
2022,7,3,아우디,"1,865",9.1%,https://autoimg.danawa.com/photo/brand/371_40.png
2022,7,4,폭스바겐,"1,041",5.1%,https://autoimg.danawa.com/photo/brand/376_40.png
2022,7,5,볼보,"1,018",5.0%,https://autoimg.danawa.com/photo/brand/459_40.png
2022,7,6,미니,945,4.6%,https://autoimg.danawa.com/photo/brand/367_40.png
2022,7,7,포드,935,4.6%,https://autoimg.danawa.com/photo/brand/569_40.png
2022,7,8,토요타,612,3.0%,https://autoimg.danawa.com/photo/brand/491_40.png
2022,7,9,포르쉐,574,2.8%,https://autoimg.danawa.com/photo/brand/381_40.png
2022,7,10,렉서스,507,2.5%,https://autoimg.danawa.com/photo/brand/486_40.png
2022,7,11,지프,426,2.1%,https://autoimg.danawa.com/photo/brand/587_40.png
2022,7,12,폴스타,411,2.0%,https://autoimg.danawa.com/photo/brand/458_40.png
2022,7,13,혼다,348,1.7%,https://autoimg.danawa.com/photo/brand/500_40.png
2022,7,14,랜드로버,206,1.0%,https://autoimg.danawa.com/photo/brand/399_40.png
2022,7,15,링컨,140,0.7%,https://autoimg.danawa.com/photo/brand/573_40.png
2022,7,16,푸조,120,0.6%,https://autoimg.danawa.com/photo/brand/413_40.png
2022,7,17,캐딜락,111,0.5%,https://autoimg.danawa.com/photo/brand/546_40.png
2022,7,18,벤틀리,95,0.5%,https://autoimg.danawa.com/photo/brand/390_40.png
2022,7,19,마세라티,40,0.2%,https://autoimg.danawa.com/photo/brand/445_40.png
2022,7,20,람보르기니,30,0.1%,https://autoimg.danawa.com/photo/brand/440_40.png
2022,7,21,롤스로이스,24,0.1%,https://autoimg.danawa.com/photo/brand/385_40.png
2022,7,22,재규어,13,0.1%,https://autoimg.danawa.com/photo/brand/394_40.png
2022,7,23,DS,12,0.1%,https://autoimg.danawa.com/photo/brand/618_40.png
2022,8,1,BMW,"7,303",28.2%,https://autoimg.danawa.com/photo/brand/362_40.png
2022,8,2,벤츠,"5,940",22.9%,https://autoimg.danawa.com/photo/brand/349_40.png
2022,8,3,테슬라,"3,153",12.2%,https://autoimg.danawa.com/photo/brand/611_40.png
2022,8,4,아우디,"2,310",8.9%,https://autoimg.danawa.com/photo/brand/371_40.png
2022,8,5,폭스바겐,"1,043",4.0%,https://autoimg.danawa.com/photo/brand/376_40.png
2022,8,6,미니,947,3.7%,https://autoimg.danawa.com/photo/brand/367_40.png
2022,8,7,토요타,713,2.7%,https://autoimg.danawa.com/photo/brand/491_40.png
2022,8,8,포르쉐,677,2.6%,https://autoimg.danawa.com/photo/brand/381_40.png
2022,8,9,포드,642,2.5%,https://autoimg.danawa.com/photo/brand/569_40.png
2022,8,10,폴스타,553,2.1%,https://autoimg.danawa.com/photo/brand/458_40.png
2022,8,11,볼보,525,2.0%,https://autoimg.danawa.com/photo/brand/459_40.png
2022,8,12,지프,496,1.9%,https://autoimg.danawa.com/photo/brand/587_40.png
2022,8,13,렉서스,411,1.6%,https://autoimg.danawa.com/photo/brand/486_40.png
2022,8,14,혼다,327,1.3%,https://autoimg.danawa.com/photo/brand/500_40.png
2022,8,15,랜드로버,309,1.2%,https://autoimg.danawa.com/photo/brand/399_40.png
2022,8,16,링컨,183,0.7%,https://autoimg.danawa.com/photo/brand/573_40.png
2022,8,17,벤틀리,91,0.4%,https://autoimg.danawa.com/photo/brand/390_40.png
2022,8,18,푸조,91,0.4%,https://autoimg.danawa.com/photo/brand/413_40.png
2022,8,19,캐딜락,84,0.3%,https://autoimg.danawa.com/photo/brand/546_40.png
2022,8,20,람보르기니,45,0.2%,https://autoimg.danawa.com/photo/brand/440_40.png
2022,8,21,마세라티,41,0.2%,https://autoimg.danawa.com/photo/brand/445_40.png
2022,8,22,롤스로이스,29,0.1%,https://autoimg.danawa.com/photo/brand/385_40.png
2022,8,23,재규어,19,0.1%,https://autoimg.danawa.com/photo/brand/394_40.png
2022,8,24,DS,4,0.0%,https://autoimg.danawa.com/photo/brand/618_40.png
2022,9,1,BMW,"7,405",28.6%,https://autoimg.danawa.com/photo/brand/362_40.png
2022,9,2,벤츠,"5,481",21.2%,https://autoimg.danawa.com/photo/brand/349_40.png
2022,9,3,테슬라,"3,133",12.1%,https://autoimg.danawa.com/photo/brand/611_40.png
2022,9,4,아우디,"1,812",7.0%,https://autoimg.danawa.com/photo/brand/371_40.png
2022,9,5,폭스바겐,"1,470",5.7%,https://autoimg.danawa.com/photo/brand/376_40.png
2022,9,6,지프,"1,025",4.0%,https://autoimg.danawa.com/photo/brand/587_40.png
2022,9,7,볼보,881,3.4%,https://autoimg.danawa.com/photo/brand/459_40.png
2022,9,8,렉서스,860,3.3%,https://autoimg.danawa.com/photo/brand/486_40.png
2022,9,9,미니,745,2.9%,https://autoimg.danawa.com/photo/brand/367_40.png
2022,9,10,토요타,682,2.6%,https://autoimg.danawa.com/photo/brand/491_40.png
2022,9,11,포드,492,1.9%,https://autoimg.danawa.com/photo/brand/569_40.png
2022,9,12,포르쉐,333,1.3%,https://autoimg.danawa.com/photo/brand/381_40.png
2022,9,13,폴스타,295,1.1%,https://autoimg.danawa.com/photo/brand/458_40.png
2022,9,14,랜드로버,285,1.1%,https://autoimg.danawa.com/photo/brand/399_40.png
2022,9,15,혼다,263,1.0%,https://autoimg.danawa.com/photo/brand/500_40.png
2022,9,16,푸조,237,0.9%,https://autoimg.danawa.com/photo/brand/413_40.png
2022,9,17,링컨,196,0.8%,https://autoimg.danawa.com/photo/brand/573_40.png
2022,9,18,캐딜락,118,0.5%,https://autoimg.danawa.com/photo/brand/546_40.png
2022,9,19,벤틀리,87,0.3%,https://autoimg.danawa.com/photo/brand/390_40.png
2022,9,20,람보르기니,35,0.1%,https://autoimg.danawa.com/photo/brand/440_40.png
2022,9,21,마세라티,30,0.1%,https://autoimg.danawa.com/photo/brand/445_40.png
2022,9,22,롤스로이스,15,0.1%,https://autoimg.danawa.com/photo/brand/385_40.png
2022,9,23,재규어,12,0.0%,https://autoimg.danawa.com/photo/brand/394_40.png
2022,9,24,DS,7,0.0%,https://autoimg.danawa.com/photo/brand/618_40.png
2022,10,1,벤츠,"7,717",32.4%,https://autoimg.danawa.com/photo/brand/349_40.png
2022,10,2,BMW,"6,754",28.4%,https://autoimg.danawa.com/photo/brand/362_40.png
2022,10,3,아우디,"2,637",11.1%,https://autoimg.danawa.com/photo/brand/371_40.png
2022,10,4,폭스바겐,"1,114",4.7%,https://autoimg.danawa.com/photo/brand/376_40.png
2022,10,5,렉서스,781,3.3%,https://autoimg.danawa.com/photo/brand/486_40.png
2022,10,6,지프,767,3.2%,https://autoimg.danawa.com/photo/brand/587_40.png
2022,10,7,포르쉐,737,3.1%,https://autoimg.danawa.com/photo/brand/381_40.png
2022,10,8,미니,613,2.6%,https://autoimg.danawa.com/photo/brand/367_40.png
2022,10,9,볼보,566,2.4%,https://autoimg.danawa.com/photo/brand/459_40.png
2022,10,10,토요타,482,2.0%,https://autoimg.danawa.com/photo/brand/491_40.png
2022,10,11,랜드로버,329,1.4%,https://autoimg.danawa.com/photo/brand/399_40.png
2022,10,12,푸조,306,1.3%,https://autoimg.danawa.com/photo/brand/413_40.png
2022,10,13,혼다,273,1.1%,https://autoimg.danawa.com/photo/brand/500_40.png
2022,10,14,폴스타,249,1.0%,https://autoimg.danawa.com/photo/brand/458_40.png
2022,10,15,포드,155,0.7%,https://autoimg.danawa.com/photo/brand/569_40.png
2022,10,16,벤틀리,75,0.3%,https://autoimg.danawa.com/photo/brand/390_40.png
2022,10,17,캐딜락,74,0.3%,https://autoimg.danawa.com/photo/brand/546_40.png
2022,10,18,링컨,56,0.2%,https://autoimg.danawa.com/photo/brand/573_40.png
2022,10,19,람보르기니,53,0.2%,https://autoimg.danawa.com/photo/brand/440_40.png
2022,10,20,마세라티,20,0.1%,https://autoimg.danawa.com/photo/brand/445_40.png
2022,10,21,롤스로이스,10,0.0%,https://autoimg.danawa.com/photo/brand/385_40.png
2022,10,22,DS,6,0.0%,https://autoimg.danawa.com/photo/brand/618_40.png
2022,10,23,테슬라,6,0.0%,https://autoimg.danawa.com/photo/brand/611_40.png
2022,10,24,재규어,3,0.0%,https://autoimg.danawa.com/photo/brand/394_40.png
2022,11,1,벤츠,"7,734",27.1%,https://autoimg.danawa.com/photo/brand/349_40.png
2022,11,2,BMW,"7,209",25.3%,https://autoimg.danawa.com/photo/brand/362_40.png
2022,11,3,볼보,"2,615",9.2%,https://autoimg.danawa.com/photo/brand/459_40.png
2022,11,4,폭스바겐,"1,943",6.8%,https://autoimg.danawa.com/photo/brand/376_40.png
2022,11,5,아우디,"1,667",5.8%,https://autoimg.danawa.com/photo/brand/371_40.png
2022,11,6,테슬라,"1,334",4.7%,https://autoimg.danawa.com/photo/brand/611_40.png
2022,11,7,미니,"1,227",4.3%,https://autoimg.danawa.com/photo/brand/367_40.png
2022,11,8,포르쉐,963,3.4%,https://autoimg.danawa.com/photo/brand/381_40.png
2022,11,9,렉서스,831,2.9%,https://autoimg.danawa.com/photo/brand/486_40.png
2022,11,10,지프,599,2.1%,https://autoimg.danawa.com/photo/brand/587_40.png
2022,11,11,포드,530,1.9%,https://autoimg.danawa.com/photo/brand/569_40.png
2022,11,12,토요타,467,1.6%,https://autoimg.danawa.com/photo/brand/491_40.png
2022,11,13,랜드로버,401,1.4%,https://autoimg.danawa.com/photo/brand/399_40.png
2022,11,14,링컨,245,0.9%,https://autoimg.danawa.com/photo/brand/573_40.png
2022,11,15,폴스타,179,0.6%,https://autoimg.danawa.com/photo/brand/458_40.png
2022,11,16,혼다,149,0.5%,https://autoimg.danawa.com/photo/brand/500_40.png
2022,11,17,푸조,138,0.5%,https://autoimg.danawa.com/photo/brand/413_40.png
2022,11,18,캐딜락,100,0.4%,https://autoimg.danawa.com/photo/brand/546_40.png
2022,11,19,벤틀리,55,0.2%,https://autoimg.danawa.com/photo/brand/390_40.png
2022,11,20,람보르기니,45,0.2%,https://autoimg.danawa.com/photo/brand/440_40.png
2022,11,21,마세라티,31,0.1%,https://autoimg.danawa.com/photo/brand/445_40.png
2022,11,22,롤스로이스,22,0.1%,https://autoimg.danawa.com/photo/brand/385_40.png
2022,11,23,DS,10,0.0%,https://autoimg.danawa.com/photo/brand/618_40.png
2022,11,24,재규어,6,0.0%,https://autoimg.danawa.com/photo/brand/394_40.png
2022,12,1,벤츠,"9,451",32.2%,https://autoimg.danawa.com/photo/brand/349_40.png
2022,12,2,BMW,"6,832",23.3%,https://autoimg.danawa.com/photo/brand/362_40.png
2022,12,3,폭스바겐,"2,678",9.1%,https://autoimg.danawa.com/photo/brand/376_40.png
2022,12,4,아우디,"2,641",9.0%,https://autoimg.danawa.com/photo/brand/371_40.png
2022,12,5,볼보,"1,813",6.2%,https://autoimg.danawa.com/photo/brand/459_40.png
2022,12,6,렉서스,"1,058",3.6%,https://autoimg.danawa.com/photo/brand/486_40.png
2022,12,7,포르쉐,985,3.4%,https://autoimg.danawa.com/photo/brand/381_40.png
2022,12,8,미니,960,3.3%,https://autoimg.danawa.com/photo/brand/367_40.png
2022,12,9,지프,573,2.0%,https://autoimg.danawa.com/photo/brand/587_40.png
2022,12,10,포드,564,1.9%,https://autoimg.danawa.com/photo/brand/569_40.png
2022,12,11,토요타,440,1.5%,https://autoimg.danawa.com/photo/brand/491_40.png
2022,12,12,랜드로버,325,1.1%,https://autoimg.danawa.com/photo/brand/399_40.png
2022,12,13,테슬라,199,0.7%,https://autoimg.danawa.com/photo/brand/611_40.png
2022,12,14,혼다,178,0.6%,https://autoimg.danawa.com/photo/brand/500_40.png
2022,12,15,폴스타,171,0.6%,https://autoimg.danawa.com/photo/brand/458_40.png
2022,12,16,캐딜락,139,0.5%,https://autoimg.danawa.com/photo/brand/546_40.png
2022,12,17,링컨,123,0.4%,https://autoimg.danawa.com/photo/brand/573_40.png
2022,12,18,푸조,103,0.4%,https://autoimg.danawa.com/photo/brand/413_40.png
2022,12,19,람보르기니,47,0.2%,https://autoimg.danawa.com/photo/brand/440_40.png
2022,12,20,마세라티,32,0.1%,https://autoimg.danawa.com/photo/brand/445_40.png
2022,12,21,벤틀리,29,0.1%,https://autoimg.danawa.com/photo/brand/390_40.png
2022,12,22,롤스로이스,15,0.1%,https://autoimg.danawa.com/photo/brand/385_40.png
2022,12,23,DS,5,0.0%,https://autoimg.danawa.com/photo/brand/618_40.png
2022,12,24,재규어,3,0.0%,https://autoimg.danawa.com/photo/brand/394_40.png
2023,1,1,BMW,"6,089",38.4%,https://autoimg.danawa.com/photo/brand/362_40.png
2023,1,2,벤츠,"2,900",18.3%,https://autoimg.danawa.com/photo/brand/349_40.png
2023,1,3,아우디,"2,454",15.5%,https://autoimg.danawa.com/photo/brand/371_40.png
2023,1,4,볼보,"1,007",6.3%,https://autoimg.danawa.com/photo/brand/459_40.png
2023,1,5,포르쉐,726,4.6%,https://autoimg.danawa.com/photo/brand/381_40.png
2023,1,6,렉서스,576,3.6%,https://autoimg.danawa.com/photo/brand/486_40.png
2023,1,7,랜드로버,475,3.0%,https://autoimg.danawa.com/photo/brand/399_40.png
2023,1,8,미니,279,1.8%,https://autoimg.danawa.com/photo/brand/367_40.png
2023,1,9,토요타,265,1.7%,https://autoimg.danawa.com/photo/brand/491_40.png
2023,1,10,포드,246,1.6%,https://autoimg.danawa.com/photo/brand/569_40.png
2023,1,11,지프,244,1.5%,https://autoimg.danawa.com/photo/brand/587_40.png
2023,1,12,폭스바겐,196,1.2%,https://autoimg.danawa.com/photo/brand/376_40.png
2023,1,13,캐딜락,75,0.5%,https://autoimg.danawa.com/photo/brand/546_40.png
2023,1,14,벤틀리,72,0.5%,https://autoimg.danawa.com/photo/brand/390_40.png
2023,1,15,혼다,69,0.4%,https://autoimg.danawa.com/photo/brand/500_40.png
2023,1,16,푸조,66,0.4%,https://autoimg.danawa.com/photo/brand/413_40.png
2023,1,17,링컨,59,0.4%,https://autoimg.danawa.com/photo/brand/573_40.png
2023,1,18,람보르기니,28,0.2%,https://autoimg.danawa.com/photo/brand/440_40.png
2023,1,19,롤스로이스,19,0.1%,https://autoimg.danawa.com/photo/brand/385_40.png
2023,1,20,마세라티,13,0.1%,https://autoimg.danawa.com/photo/brand/445_40.png
2023,1,21,재규어,2,0.0%,https://autoimg.danawa.com/photo/brand/394_40.png
2023,1,22,DS,2,0.0%,https://autoimg.danawa.com/photo/brand/618_40.png
2023,1,23,테슬라,2,0.0%,https://autoimg.danawa.com/photo/brand/611_40.png
2023,2,1,BMW,"6,381",29.8%,https://autoimg.danawa.com/photo/brand/362_40.png
2023,2,2,벤츠,"5,519",25.8%,https://autoimg.danawa.com/photo/brand/349_40.png
2023,2,3,아우디,"2,200",10.3%,https://autoimg.danawa.com/photo/brand/371_40.png
2023,2,4,렉서스,"1,344",6.3%,https://autoimg.danawa.com/photo/brand/486_40.png
2023,2,5,포르쉐,"1,123",5.2%,https://autoimg.danawa.com/photo/brand/381_40.png
2023,2,6,볼보,827,3.9%,https://autoimg.danawa.com/photo/brand/459_40.png
2023,2,7,토요타,695,3.2%,https://autoimg.danawa.com/photo/brand/491_40.png
2023,2,8,지프,599,2.8%,https://autoimg.danawa.com/photo/brand/587_40.png
2023,2,9,미니,587,2.7%,https://autoimg.danawa.com/photo/brand/367_40.png
2023,2,10,폭스바겐,517,2.4%,https://autoimg.danawa.com/photo/brand/376_40.png
2023,2,11,랜드로버,504,2.4%,https://autoimg.danawa.com/photo/brand/399_40.png
2023,2,12,포드,439,2.1%,https://autoimg.danawa.com/photo/brand/569_40.png
2023,2,13,혼다,161,0.8%,https://autoimg.danawa.com/photo/brand/500_40.png
2023,2,14,링컨,127,0.6%,https://autoimg.danawa.com/photo/brand/573_40.png
2023,2,15,푸조,74,0.3%,https://autoimg.danawa.com/photo/brand/413_40.png
2023,2,16,캐딜락,65,0.3%,https://autoimg.danawa.com/photo/brand/546_40.png
2023,2,17,벤틀리,61,0.3%,https://autoimg.danawa.com/photo/brand/390_40.png
2023,2,18,GMC,48,0.2%,https://autoimg.danawa.com/photo/brand/602_40.png
2023,2,19,폴스타,44,0.2%,https://autoimg.danawa.com/photo/brand/458_40.png
2023,2,20,테슬라,42,0.2%,https://autoimg.danawa.com/photo/brand/611_40.png
2023,2,21,마세라티,21,0.1%,https://autoimg.danawa.com/photo/brand/445_40.png
2023,2,22,람보르기니,18,0.1%,https://autoimg.danawa.com/photo/brand/440_40.png
2023,2,23,롤스로이스,12,0.1%,https://autoimg.danawa.com/photo/brand/385_40.png
2023,2,24,DS,1,0.0%,https://autoimg.danawa.com/photo/brand/618_40.png
2023,2,25,재규어,1,0.0%,https://autoimg.danawa.com/photo/brand/394_40.png
2023,3,1,벤츠,"6,533",26.6%,https://autoimg.danawa.com/photo/brand/349_40.png
2023,3,2,BMW,"5,664",23.1%,https://autoimg.danawa.com/photo/brand/362_40.png
2023,3,3,아우디,"2,260",9.2%,https://autoimg.danawa.com/photo/brand/371_40.png
2023,3,4,볼보,"2,156",8.8%,https://autoimg.danawa.com/photo/brand/459_40.png
2023,3,5,렉서스,"1,376",5.6%,https://autoimg.danawa.com/photo/brand/486_40.png
2023,3,6,테슬라,"1,258",5.1%,https://autoimg.danawa.com/photo/brand/611_40.png
2023,3,7,포르쉐,"1,117",4.6%,https://autoimg.danawa.com/photo/brand/381_40.png
2023,3,8,미니,786,3.2%,https://autoimg.danawa.com/photo/brand/367_40.png
2023,3,9,토요타,785,3.2%,https://autoimg.danawa.com/photo/brand/491_40.png
2023,3,10,랜드로버,633,2.6%,https://autoimg.danawa.com/photo/brand/399_40.png
2023,3,11,포드,552,2.3%,https://autoimg.danawa.com/photo/brand/569_40.png
2023,3,12,폭스바겐,452,1.8%,https://autoimg.danawa.com/photo/brand/376_40.png
2023,3,13,지프,274,1.1%,https://autoimg.danawa.com/photo/brand/587_40.png
2023,3,14,푸조,166,0.7%,https://autoimg.danawa.com/photo/brand/413_40.png
2023,3,15,링컨,126,0.5%,https://autoimg.danawa.com/photo/brand/573_40.png
2023,3,16,캐딜락,88,0.4%,https://autoimg.danawa.com/photo/brand/546_40.png
2023,3,17,혼다,71,0.3%,https://autoimg.danawa.com/photo/brand/500_40.png
2023,3,18,GMC,70,0.3%,https://autoimg.danawa.com/photo/brand/602_40.png
2023,3,19,폴스타,67,0.3%,https://autoimg.danawa.com/photo/brand/458_40.png
2023,3,20,벤틀리,35,0.1%,https://autoimg.danawa.com/photo/brand/390_40.png
2023,3,21,롤스로이스,23,0.1%,https://autoimg.danawa.com/photo/brand/385_40.png
2023,3,22,마세라티,21,0.1%,https://autoimg.danawa.com/photo/brand/445_40.png
2023,3,23,DS,9,0.0%,https://autoimg.danawa.com/photo/brand/618_40.png
2023,3,24,람보르기니,8,0.0%,https://autoimg.danawa.com/photo/brand/440_40.png
2023,3,25,재규어,3,0.0%,https://autoimg.danawa.com/photo/brand/394_40.png
2023,4,1,벤츠,"6,176",30.4%,https://autoimg.danawa.com/photo/brand/349_40.png
2023,4,2,BMW,"5,836",28.7%,https://autoimg.danawa.com/photo/brand/362_40.png
2023,4,3,볼보,"1,599",7.9%,https://autoimg.danawa.com/photo/brand/459_40.png
2023,4,4,포르쉐,"1,146",5.6%,https://autoimg.danawa.com/photo/brand/381_40.png
2023,4,5,렉서스,"1,025",5.0%,https://autoimg.danawa.com/photo/brand/486_40.png
2023,4,6,미니,946,4.7%,https://autoimg.danawa.com/photo/brand/367_40.png
2023,4,7,폭스바겐,675,3.3%,https://autoimg.danawa.com/photo/brand/376_40.png
2023,4,8,토요타,638,3.1%,https://autoimg.danawa.com/photo/brand/491_40.png
2023,4,9,아우디,473,2.3%,https://autoimg.danawa.com/photo/brand/371_40.png
2023,4,10,랜드로버,459,2.3%,https://autoimg.danawa.com/photo/brand/399_40.png
2023,4,11,포드,326,1.6%,https://autoimg.danawa.com/photo/brand/569_40.png
2023,4,12,링컨,216,1.1%,https://autoimg.danawa.com/photo/brand/573_40.png
2023,4,13,지프,207,1.0%,https://autoimg.danawa.com/photo/brand/587_40.png
2023,4,14,테슬라,114,0.6%,https://autoimg.danawa.com/photo/brand/611_40.png
2023,4,15,푸조,111,0.5%,https://autoimg.danawa.com/photo/brand/413_40.png
2023,4,16,캐딜락,66,0.3%,https://autoimg.danawa.com/photo/brand/546_40.png
2023,4,17,혼다,55,0.3%,https://autoimg.danawa.com/photo/brand/500_40.png
2023,4,18,폴스타,54,0.3%,https://autoimg.danawa.com/photo/brand/458_40.png
2023,4,19,GMC,46,0.2%,https://autoimg.danawa.com/photo/brand/602_40.png
2023,4,20,벤틀리,45,0.2%,https://autoimg.danawa.com/photo/brand/390_40.png
2023,4,21,마세라티,45,0.2%,https://autoimg.danawa.com/photo/brand/445_40.png
2023,4,22,람보르기니,31,0.2%,https://autoimg.danawa.com/photo/brand/440_40.png
2023,4,23,롤스로이스,23,0.1%,https://autoimg.danawa.com/photo/brand/385_40.png
2023,4,24,재규어,4,0.0%,https://autoimg.danawa.com/photo/brand/394_40.png
2023,4,25,DS,2,0.0%,https://autoimg.danawa.com/photo/brand/618_40.png
2023,5,1,벤츠,"6,292",29.4%,https://autoimg.danawa.com/photo/brand/349_40.png
2023,5,2,BMW,"6,036",28.2%,https://autoimg.danawa.com/photo/brand/362_40.png
2023,5,3,볼보,"1,502",7.0%,https://autoimg.danawa.com/photo/brand/459_40.png
2023,5,4,포르쉐,"1,005",4.7%,https://autoimg.danawa.com/photo/brand/381_40.png
2023,5,5,렉서스,974,4.6%,https://autoimg.danawa.com/photo/brand/486_40.png
2023,5,6,아우디,902,4.2%,https://autoimg.danawa.com/photo/brand/371_40.png
2023,5,7,미니,862,4.0%,https://autoimg.danawa.com/photo/brand/367_40.png
2023,5,8,폭스바겐,862,4.0%,https://autoimg.danawa.com/photo/brand/376_40.png
2023,5,9,토요타,629,2.9%,https://autoimg.danawa.com/photo/brand/491_40.png
2023,5,10,테슬라,424,2.0%,https://autoimg.danawa.com/photo/brand/611_40.png
2023,5,11,랜드로버,410,1.9%,https://autoimg.danawa.com/photo/brand/399_40.png
2023,5,12,지프,288,1.3%,https://autoimg.danawa.com/photo/brand/587_40.png
2023,5,13,포드,281,1.3%,https://autoimg.danawa.com/photo/brand/569_40.png
2023,5,14,푸조,171,0.8%,https://autoimg.danawa.com/photo/brand/413_40.png
2023,5,15,폴스타,141,0.7%,https://autoimg.danawa.com/photo/brand/458_40.png
2023,5,16,혼다,106,0.5%,https://autoimg.danawa.com/photo/brand/500_40.png
2023,5,17,링컨,90,0.4%,https://autoimg.danawa.com/photo/brand/573_40.png
2023,5,18,캐딜락,88,0.4%,https://autoimg.danawa.com/photo/brand/546_40.png
2023,5,19,벤틀리,79,0.4%,https://autoimg.danawa.com/photo/brand/390_40.png
2023,5,20,마세라티,62,0.3%,https://autoimg.danawa.com/photo/brand/445_40.png
2023,5,21,람보르기니,58,0.3%,https://autoimg.danawa.com/photo/brand/440_40.png
2023,5,22,GMC,53,0.2%,https://autoimg.danawa.com/photo/brand/602_40.png
2023,5,23,롤스로이스,34,0.2%,https://autoimg.danawa.com/photo/brand/385_40.png
2023,5,24,DS,13,0.1%,https://autoimg.danawa.com/photo/brand/618_40.png
2023,5,25,재규어,5,0.0%,https://autoimg.danawa.com/photo/brand/394_40.png
2023,6,1,BMW,"8,100",28.7%,https://autoimg.danawa.com/photo/brand/362_40.png
2023,6,2,벤츠,"8,003",28.4%,https://autoimg.danawa.com/photo/brand/349_40.png
2023,6,3,테슬라,"1,891",6.7%,https://autoimg.danawa.com/photo/brand/611_40.png
2023,6,4,렉서스,"1,655",5.9%,https://autoimg.danawa.com/photo/brand/486_40.png
2023,6,5,볼보,"1,372",4.9%,https://autoimg.danawa.com/photo/brand/459_40.png
2023,6,6,아우디,"1,347",4.8%,https://autoimg.danawa.com/photo/brand/371_40.png
2023,6,7,포르쉐,"1,109",3.9%,https://autoimg.danawa.com/photo/brand/381_40.png
2023,6,8,미니,970,3.4%,https://autoimg.danawa.com/photo/brand/367_40.png
2023,6,9,토요타,966,3.4%,https://autoimg.danawa.com/photo/brand/491_40.png
2023,6,10,폭스바겐,538,1.9%,https://autoimg.danawa.com/photo/brand/376_40.png
2023,6,11,랜드로버,507,1.8%,https://autoimg.danawa.com/photo/brand/399_40.png
2023,6,12,지프,475,1.7%,https://autoimg.danawa.com/photo/brand/587_40.png
2023,6,13,포드,267,0.9%,https://autoimg.danawa.com/photo/brand/569_40.png
2023,6,14,푸조,223,0.8%,https://autoimg.danawa.com/photo/brand/413_40.png
2023,6,15,폴스타,198,0.7%,https://autoimg.danawa.com/photo/brand/458_40.png
2023,6,16,혼다,111,0.4%,https://autoimg.danawa.com/photo/brand/500_40.png
2023,6,17,캐딜락,106,0.4%,https://autoimg.danawa.com/photo/brand/546_40.png
2023,6,18,벤틀리,94,0.3%,https://autoimg.danawa.com/photo/brand/390_40.png
2023,6,19,링컨,63,0.2%,https://autoimg.danawa.com/photo/brand/573_40.png
2023,6,20,마세라티,61,0.2%,https://autoimg.danawa.com/photo/brand/445_40.png
2023,6,21,롤스로이스,43,0.2%,https://autoimg.danawa.com/photo/brand/385_40.png
2023,6,22,람보르기니,39,0.1%,https://autoimg.danawa.com/photo/brand/440_40.png
2023,6,23,DS,25,0.1%,https://autoimg.danawa.com/photo/brand/618_40.png
2023,6,24,GMC,25,0.1%,https://autoimg.danawa.com/photo/brand/602_40.png
2023,6,25,재규어,15,0.1%,https://autoimg.danawa.com/photo/brand/394_40.png
2023,7,1,BMW,"5,931",28.6%,https://autoimg.danawa.com/photo/brand/362_40.png
2023,7,2,벤츠,"5,394",26.0%,https://autoimg.danawa.com/photo/brand/349_40.png
2023,7,3,아우디,"1,504",7.3%,https://autoimg.danawa.com/photo/brand/371_40.png
2023,7,4,볼보,"1,409",6.8%,https://autoimg.danawa.com/photo/brand/459_40.png
2023,7,5,폭스바겐,"1,195",5.8%,https://autoimg.danawa.com/photo/brand/376_40.png
2023,7,6,렉서스,"1,088",5.3%,https://autoimg.danawa.com/photo/brand/486_40.png
2023,7,7,포르쉐,953,4.6%,https://autoimg.danawa.com/photo/brand/381_40.png
2023,7,8,미니,798,3.9%,https://autoimg.danawa.com/photo/brand/367_40.png
2023,7,9,토요타,622,3.0%,https://autoimg.danawa.com/photo/brand/491_40.png
2023,7,10,지프,464,2.2%,https://autoimg.danawa.com/photo/brand/587_40.png
2023,7,11,랜드로버,408,2.0%,https://autoimg.danawa.com/photo/brand/399_40.png
2023,7,12,푸조,180,0.9%,https://autoimg.danawa.com/photo/brand/413_40.png
2023,7,13,포드,124,0.6%,https://autoimg.danawa.com/photo/brand/569_40.png
2023,7,14,폴스타,121,0.6%,https://autoimg.danawa.com/photo/brand/458_40.png
2023,7,15,테슬라,118,0.6%,https://autoimg.danawa.com/photo/brand/611_40.png
2023,7,16,벤틀리,80,0.4%,https://autoimg.danawa.com/photo/brand/390_40.png
2023,7,17,캐딜락,73,0.4%,https://autoimg.danawa.com/photo/brand/546_40.png
2023,7,18,링컨,50,0.2%,https://autoimg.danawa.com/photo/brand/573_40.png
2023,7,19,람보르기니,45,0.2%,https://autoimg.danawa.com/photo/brand/440_40.png
2023,7,20,GMC,41,0.2%,https://autoimg.danawa.com/photo/brand/602_40.png
2023,7,21,혼다,31,0.1%,https://autoimg.danawa.com/photo/brand/500_40.png
2023,7,22,마세라티,30,0.1%,https://autoimg.danawa.com/photo/brand/445_40.png
2023,7,23,롤스로이스,29,0.1%,https://autoimg.danawa.com/photo/brand/385_40.png
2023,7,24,DS,25,0.1%,https://autoimg.danawa.com/photo/brand/618_40.png
2023,7,25,재규어,4,0.0%,https://autoimg.danawa.com/photo/brand/394_40.png
2023,8,1,벤츠,"6,588",28.0%,https://autoimg.danawa.com/photo/brand/349_40.png
2023,8,2,BMW,"6,304",26.8%,https://autoimg.danawa.com/photo/brand/362_40.png
2023,8,3,아우디,"1,551",6.6%,https://autoimg.danawa.com/photo/brand/371_40.png
2023,8,4,폭스바겐,"1,417",6.0%,https://autoimg.danawa.com/photo/brand/376_40.png
2023,8,5,포르쉐,"1,111",4.7%,https://autoimg.danawa.com/photo/brand/381_40.png
2023,8,6,렉서스,"1,091",4.6%,https://autoimg.danawa.com/photo/brand/486_40.png
2023,8,7,볼보,"1,080",4.6%,https://autoimg.danawa.com/photo/brand/459_40.png
2023,8,8,미니,"1,036",4.4%,https://autoimg.danawa.com/photo/brand/367_40.png
2023,8,9,토요타,733,3.1%,https://autoimg.danawa.com/photo/brand/491_40.png
2023,8,10,테슬라,696,3.0%,https://autoimg.danawa.com/photo/brand/611_40.png
2023,8,11,지프,552,2.3%,https://autoimg.danawa.com/photo/brand/587_40.png
2023,8,12,랜드로버,382,1.6%,https://autoimg.danawa.com/photo/brand/399_40.png
2023,8,13,폴스타,185,0.8%,https://autoimg.danawa.com/photo/brand/458_40.png
2023,8,14,푸조,184,0.8%,https://autoimg.danawa.com/photo/brand/413_40.png
2023,8,15,포드,181,0.8%,https://autoimg.danawa.com/photo/brand/569_40.png
2023,8,16,혼다,105,0.4%,https://autoimg.danawa.com/photo/brand/500_40.png
2023,8,17,벤틀리,84,0.4%,https://autoimg.danawa.com/photo/brand/390_40.png
2023,8,18,캐딜락,61,0.3%,https://autoimg.danawa.com/photo/brand/546_40.png
2023,8,19,링컨,52,0.2%,https://autoimg.danawa.com/photo/brand/573_40.png
2023,8,20,마세라티,51,0.2%,https://autoimg.danawa.com/photo/brand/445_40.png
2023,8,21,람보르기니,40,0.2%,https://autoimg.danawa.com/photo/brand/440_40.png
2023,8,22,GMC,29,0.1%,https://autoimg.danawa.com/photo/brand/602_40.png
2023,8,23,롤스로이스,29,0.1%,https://autoimg.danawa.com/photo/brand/385_40.png
2023,8,24,DS,19,0.1%,https://autoimg.danawa.com/photo/brand/618_40.png
2023,8,25,재규어,3,0.0%,https://autoimg.danawa.com/photo/brand/394_40.png
2023,9,1,벤츠,"6,971",26.3%,https://autoimg.danawa.com/photo/brand/349_40.png
2023,9,2,BMW,"6,188",23.3%,https://autoimg.danawa.com/photo/brand/362_40.png
2023,9,3,테슬라,"4,501",17.0%,https://autoimg.danawa.com/photo/brand/611_40.png
2023,9,4,볼보,"1,555",5.9%,https://autoimg.danawa.com/photo/brand/459_40.png
2023,9,5,아우디,"1,416",5.3%,https://autoimg.danawa.com/photo/brand/371_40.png
2023,9,6,폭스바겐,"1,114",4.2%,https://autoimg.danawa.com/photo/brand/376_40.png
2023,9,7,렉서스,916,3.5%,https://autoimg.danawa.com/photo/brand/486_40.png
2023,9,8,미니,738,2.8%,https://autoimg.danawa.com/photo/brand/367_40.png
2023,9,9,토요타,712,2.7%,https://autoimg.danawa.com/photo/brand/491_40.png
2023,9,10,포르쉐,695,2.6%,https://autoimg.danawa.com/photo/brand/381_40.png
2023,9,11,랜드로버,315,1.2%,https://autoimg.danawa.com/photo/brand/399_40.png
2023,9,12,지프,296,1.1%,https://autoimg.danawa.com/photo/brand/587_40.png
2023,9,13,폴스타,292,1.1%,https://autoimg.danawa.com/photo/brand/458_40.png
2023,9,14,포드,181,0.7%,https://autoimg.danawa.com/photo/brand/569_40.png
2023,9,15,푸조,172,0.6%,https://autoimg.danawa.com/photo/brand/413_40.png
2023,9,16,혼다,105,0.4%,https://autoimg.danawa.com/photo/brand/500_40.png
2023,9,17,벤틀리,60,0.2%,https://autoimg.danawa.com/photo/brand/390_40.png
2023,9,18,캐딜락,55,0.2%,https://autoimg.danawa.com/photo/brand/546_40.png
2023,9,19,링컨,52,0.2%,https://autoimg.danawa.com/photo/brand/573_40.png
2023,9,20,GMC,52,0.2%,https://autoimg.danawa.com/photo/brand/602_40.png
2023,9,21,람보르기니,49,0.2%,https://autoimg.danawa.com/photo/brand/440_40.png
2023,9,22,마세라티,30,0.1%,https://autoimg.danawa.com/photo/brand/445_40.png
2023,9,23,DS,18,0.1%,https://autoimg.danawa.com/photo/brand/618_40.png
2023,9,24,롤스로이스,15,0.1%,https://autoimg.danawa.com/photo/brand/385_40.png
2023,9,25,재규어,5,0.0%,https://autoimg.danawa.com/photo/brand/394_40.png
2023,10,1,벤츠,"6,612",28.1%,https://autoimg.danawa.com/photo/brand/349_40.png
2023,10,2,BMW,"5,985",25.4%,https://autoimg.danawa.com/photo/brand/362_40.png
2023,10,3,테슬라,"2,829",12.0%,https://autoimg.danawa.com/photo/brand/611_40.png
2023,10,4,볼보,"1,263",5.4%,https://autoimg.danawa.com/photo/brand/459_40.png
2023,10,5,아우디,"1,151",4.9%,https://autoimg.danawa.com/photo/brand/371_40.png
2023,10,6,렉서스,963,4.1%,https://autoimg.danawa.com/photo/brand/486_40.png
2023,10,7,폭스바겐,853,3.6%,https://autoimg.danawa.com/photo/brand/376_40.png
2023,10,8,미니,732,3.1%,https://autoimg.danawa.com/photo/brand/367_40.png
2023,10,9,토요타,722,3.1%,https://autoimg.danawa.com/photo/brand/491_40.png
2023,10,10,포르쉐,705,3.0%,https://autoimg.danawa.com/photo/brand/381_40.png
2023,10,11,랜드로버,291,1.2%,https://autoimg.danawa.com/photo/brand/399_40.png
2023,10,12,폴스타,287,1.2%,https://autoimg.danawa.com/photo/brand/458_40.png
2023,10,13,혼다,233,1.0%,https://autoimg.danawa.com/photo/brand/500_40.png
2023,10,14,지프,233,1.0%,https://autoimg.danawa.com/photo/brand/587_40.png
2023,10,15,포드,165,0.7%,https://autoimg.danawa.com/photo/brand/569_40.png
2023,10,16,푸조,140,0.6%,https://autoimg.danawa.com/photo/brand/413_40.png
2023,10,17,링컨,132,0.6%,https://autoimg.danawa.com/photo/brand/573_40.png
2023,10,18,벤틀리,73,0.3%,https://autoimg.danawa.com/photo/brand/390_40.png
2023,10,19,캐딜락,67,0.3%,https://autoimg.danawa.com/photo/brand/546_40.png
2023,10,20,람보르기니,35,0.1%,https://autoimg.danawa.com/photo/brand/440_40.png
2023,10,21,마세라티,30,0.1%,https://autoimg.danawa.com/photo/brand/445_40.png
2023,10,22,DS,27,0.1%,https://autoimg.danawa.com/photo/brand/618_40.png
2023,10,23,롤스로이스,17,0.1%,https://autoimg.danawa.com/photo/brand/385_40.png
2023,10,24,GMC,15,0.1%,https://autoimg.danawa.com/photo/brand/602_40.png
2023,10,25,재규어,11,0.0%,https://autoimg.danawa.com/photo/brand/394_40.png
2023,11,1,벤츠,"7,168",25.9%,https://autoimg.danawa.com/photo/brand/349_40.png
2023,11,2,BMW,"7,032",25.4%,https://autoimg.danawa.com/photo/brand/362_40.png
2023,11,3,테슬라,"3,562",12.8%,https://autoimg.danawa.com/photo/brand/611_40.png
2023,11,4,볼보,"1,640",5.9%,https://autoimg.danawa.com/photo/brand/459_40.png
2023,11,5,아우디,"1,392",5.0%,https://autoimg.danawa.com/photo/brand/371_40.png
2023,11,6,렉서스,"1,183",4.3%,https://autoimg.danawa.com/photo/brand/486_40.png
2023,11,7,미니,997,3.6%,https://autoimg.danawa.com/photo/brand/367_40.png
2023,11,8,폭스바겐,966,3.5%,https://autoimg.danawa.com/photo/brand/376_40.png
2023,11,9,토요타,835,3.0%,https://autoimg.danawa.com/photo/brand/491_40.png
2023,11,10,포르쉐,752,2.7%,https://autoimg.danawa.com/photo/brand/381_40.png
2023,11,11,지프,420,1.5%,https://autoimg.danawa.com/photo/brand/587_40.png
2023,11,12,포드,379,1.4%,https://autoimg.danawa.com/photo/brand/569_40.png
2023,11,13,랜드로버,300,1.1%,https://autoimg.danawa.com/photo/brand/399_40.png
2023,11,14,푸조,276,1.0%,https://autoimg.danawa.com/photo/brand/413_40.png
2023,11,15,혼다,187,0.7%,https://autoimg.danawa.com/photo/brand/500_40.png
2023,11,16,링컨,176,0.6%,https://autoimg.danawa.com/photo/brand/573_40.png
2023,11,17,폴스타,167,0.6%,https://autoimg.danawa.com/photo/brand/458_40.png
2023,11,18,캐딜락,115,0.4%,https://autoimg.danawa.com/photo/brand/546_40.png
2023,11,19,벤틀리,65,0.2%,https://autoimg.danawa.com/photo/brand/390_40.png
2023,11,20,GMC,36,0.1%,https://autoimg.danawa.com/photo/brand/602_40.png
2023,11,21,람보르기니,33,0.1%,https://autoimg.danawa.com/photo/brand/440_40.png
2023,11,22,마세라티,23,0.1%,https://autoimg.danawa.com/photo/brand/445_40.png
2023,11,23,롤스로이스,11,0.0%,https://autoimg.danawa.com/photo/brand/385_40.png
2023,11,24,DS,10,0.0%,https://autoimg.danawa.com/photo/brand/618_40.png
2023,11,25,재규어,1,0.0%,https://autoimg.danawa.com/photo/brand/394_40.png
2023,12,1,벤츠,"8,541",30.4%,https://autoimg.danawa.com/photo/brand/349_40.png
2023,12,2,BMW,"7,849",27.9%,https://autoimg.danawa.com/photo/brand/362_40.png
2023,12,3,볼보,"1,608",5.7%,https://autoimg.danawa.com/photo/brand/459_40.png
2023,12,4,폭스바겐,"1,462",5.2%,https://autoimg.danawa.com/photo/brand/376_40.png
2023,12,5,렉서스,"1,370",4.9%,https://autoimg.danawa.com/photo/brand/486_40.png
2023,12,6,아우디,"1,218",4.3%,https://autoimg.danawa.com/photo/brand/371_40.png
2023,12,7,테슬라,"1,022",3.6%,https://autoimg.danawa.com/photo/brand/611_40.png
2023,12,8,포르쉐,913,3.2%,https://autoimg.danawa.com/photo/brand/381_40.png
2023,12,9,토요타,893,3.2%,https://autoimg.danawa.com/photo/brand/491_40.png
2023,12,10,미니,804,2.9%,https://autoimg.danawa.com/photo/brand/367_40.png
2023,12,11,링컨,515,1.8%,https://autoimg.danawa.com/photo/brand/573_40.png
2023,12,12,지프,460,1.6%,https://autoimg.danawa.com/photo/brand/587_40.png
2023,12,13,랜드로버,335,1.2%,https://autoimg.danawa.com/photo/brand/399_40.png
2023,12,14,포드,309,1.1%,https://autoimg.danawa.com/photo/brand/569_40.png
2023,12,15,푸조,263,0.9%,https://autoimg.danawa.com/photo/brand/413_40.png
2023,12,16,혼다,151,0.5%,https://autoimg.danawa.com/photo/brand/500_40.png
2023,12,17,캐딜락,116,0.4%,https://autoimg.danawa.com/photo/brand/546_40.png
2023,12,18,폴스타,98,0.3%,https://autoimg.danawa.com/photo/brand/458_40.png
2023,12,19,벤틀리,62,0.2%,https://autoimg.danawa.com/photo/brand/390_40.png
2023,12,20,마세라티,47,0.2%,https://autoimg.danawa.com/photo/brand/445_40.png
2023,12,21,람보르기니,47,0.2%,https://autoimg.danawa.com/photo/brand/440_40.png
2023,12,22,GMC,22,0.1%,https://autoimg.danawa.com/photo/brand/602_40.png
2023,12,23,롤스로이스,21,0.1%,https://autoimg.danawa.com/photo/brand/385_40.png
2023,12,24,DS,2,0.0%,https://autoimg.danawa.com/photo/brand/618_40.png
2024,1,1,BMW,"4,330",33.5%,https://autoimg.danawa.com/photo/brand/362_40.png
2024,1,2,벤츠,"2,931",22.7%,https://autoimg.danawa.com/photo/brand/349_40.png
2024,1,3,렉서스,998,7.7%,https://autoimg.danawa.com/photo/brand/486_40.png
2024,1,4,볼보,965,7.5%,https://autoimg.danawa.com/photo/brand/459_40.png
2024,1,5,토요타,786,6.1%,https://autoimg.danawa.com/photo/brand/491_40.png
2024,1,6,포르쉐,677,5.2%,https://autoimg.danawa.com/photo/brand/381_40.png
2024,1,7,미니,543,4.2%,https://autoimg.danawa.com/photo/brand/367_40.png
2024,1,8,랜드로버,340,2.6%,https://autoimg.danawa.com/photo/brand/399_40.png
2024,1,9,링컨,285,2.2%,https://autoimg.danawa.com/photo/brand/573_40.png
2024,1,10,포드,229,1.8%,https://autoimg.danawa.com/photo/brand/569_40.png
2024,1,11,지프,213,1.6%,https://autoimg.danawa.com/photo/brand/587_40.png
2024,1,12,아우디,179,1.4%,https://autoimg.danawa.com/photo/brand/371_40.png
2024,1,13,혼다,177,1.4%,https://autoimg.danawa.com/photo/brand/500_40.png
2024,1,14,푸조,101,0.8%,https://autoimg.danawa.com/photo/brand/413_40.png
2024,1,15,캐딜락,57,0.4%,https://autoimg.danawa.com/photo/brand/546_40.png
2024,1,16,폭스바겐,53,0.4%,https://autoimg.danawa.com/photo/brand/376_40.png
2024,1,17,GMC,18,0.1%,https://autoimg.danawa.com/photo/brand/602_40.png
2024,1,18,마세라티,16,0.1%,https://autoimg.danawa.com/photo/brand/445_40.png
2024,1,19,벤틀리,13,0.1%,https://autoimg.danawa.com/photo/brand/390_40.png
2024,1,20,롤스로이스,9,0.1%,https://autoimg.danawa.com/photo/brand/385_40.png
2024,1,21,람보르기니,7,0.1%,https://autoimg.danawa.com/photo/brand/440_40.png
2024,1,22,테슬라,1,0.0%,https://autoimg.danawa.com/photo/brand/611_40.png
2024,2,1,BMW,"6,089",37.8%,https://autoimg.danawa.com/photo/brand/362_40.png
2024,2,2,벤츠,"3,592",22.3%,https://autoimg.danawa.com/photo/brand/349_40.png
2024,2,3,볼보,961,6.0%,https://autoimg.danawa.com/photo/brand/459_40.png
2024,2,4,렉서스,919,5.7%,https://autoimg.danawa.com/photo/brand/486_40.png
2024,2,5,포르쉐,828,5.1%,https://autoimg.danawa.com/photo/brand/381_40.png
2024,2,6,미니,755,4.7%,https://autoimg.danawa.com/photo/brand/367_40.png
2024,2,7,토요타,736,4.6%,https://autoimg.danawa.com/photo/brand/491_40.png
2024,2,8,폭스바겐,462,2.9%,https://autoimg.danawa.com/photo/brand/376_40.png
2024,2,9,포드,306,1.9%,https://autoimg.danawa.com/photo/brand/569_40.png
2024,2,10,랜드로버,275,1.7%,https://autoimg.danawa.com/photo/brand/399_40.png
2024,2,11,아우디,268,1.7%,https://autoimg.danawa.com/photo/brand/371_40.png
2024,2,12,링컨,224,1.4%,https://autoimg.danawa.com/photo/brand/573_40.png
2024,2,13,테슬라,174,1.1%,https://autoimg.danawa.com/photo/brand/611_40.png
2024,2,14,지프,167,1.0%,https://autoimg.danawa.com/photo/brand/587_40.png
2024,2,15,혼다,111,0.7%,https://autoimg.danawa.com/photo/brand/500_40.png
2024,2,16,푸조,106,0.7%,https://autoimg.danawa.com/photo/brand/413_40.png
2024,2,17,캐딜락,63,0.4%,https://autoimg.danawa.com/photo/brand/546_40.png
2024,2,18,GMC,20,0.1%,https://autoimg.danawa.com/photo/brand/602_40.png
2024,2,19,마세라티,16,0.1%,https://autoimg.danawa.com/photo/brand/445_40.png
2024,2,20,벤틀리,11,0.1%,https://autoimg.danawa.com/photo/brand/390_40.png
2024,2,21,롤스로이스,11,0.1%,https://autoimg.danawa.com/photo/brand/385_40.png
2024,2,22,람보르기니,4,0.0%,https://autoimg.danawa.com/photo/brand/440_40.png
2024,2,23,폴스타,3,0.0%,https://autoimg.danawa.com/photo/brand/458_40.png
2024,3,1,BMW,"6,549",26.0%,https://autoimg.danawa.com/photo/brand/362_40.png
2024,3,2,테슬라,"6,025",24.0%,https://autoimg.danawa.com/photo/brand/611_40.png
2024,3,3,벤츠,"4,197",16.7%,https://autoimg.danawa.com/photo/brand/349_40.png
2024,3,4,렉서스,"1,218",4.8%,https://autoimg.danawa.com/photo/brand/486_40.png
2024,3,5,볼보,"1,081",4.3%,https://autoimg.danawa.com/photo/brand/459_40.png
2024,3,6,폭스바겐,949,3.8%,https://autoimg.danawa.com/photo/brand/376_40.png
2024,3,7,미니,911,3.6%,https://autoimg.danawa.com/photo/brand/367_40.png
2024,3,8,포르쉐,781,3.1%,https://autoimg.danawa.com/photo/brand/381_40.png
2024,3,9,토요타,759,3.0%,https://autoimg.danawa.com/photo/brand/491_40.png
2024,3,10,아우디,653,2.6%,https://autoimg.danawa.com/photo/brand/371_40.png
2024,3,11,포드,359,1.4%,https://autoimg.danawa.com/photo/brand/569_40.png
2024,3,12,랜드로버,338,1.3%,https://autoimg.danawa.com/photo/brand/399_40.png
2024,3,13,혼다,321,1.3%,https://autoimg.danawa.com/photo/brand/500_40.png
2024,3,14,지프,294,1.2%,https://autoimg.danawa.com/photo/brand/587_40.png
2024,3,15,링컨,230,0.9%,https://autoimg.danawa.com/photo/brand/573_40.png
2024,3,16,폴스타,219,0.9%,https://autoimg.danawa.com/photo/brand/458_40.png
2024,3,17,푸조,94,0.4%,https://autoimg.danawa.com/photo/brand/413_40.png
2024,3,18,캐딜락,53,0.2%,https://autoimg.danawa.com/photo/brand/546_40.png
2024,3,19,GMC,33,0.1%,https://autoimg.danawa.com/photo/brand/602_40.png
2024,3,20,람보르기니,31,0.1%,https://autoimg.danawa.com/photo/brand/440_40.png
2024,3,21,마세라티,22,0.1%,https://autoimg.danawa.com/photo/brand/445_40.png
2024,3,22,롤스로이스,15,0.1%,https://autoimg.danawa.com/photo/brand/385_40.png
2024,3,23,벤틀리,14,0.1%,https://autoimg.danawa.com/photo/brand/390_40.png
2024,4,1,벤츠,"6,683",31.1%,https://autoimg.danawa.com/photo/brand/349_40.png
2024,4,2,BMW,"5,750",26.8%,https://autoimg.danawa.com/photo/brand/362_40.png
2024,4,3,테슬라,"1,722",8.0%,https://autoimg.danawa.com/photo/brand/611_40.png
2024,4,4,볼보,"1,210",5.6%,https://autoimg.danawa.com/photo/brand/459_40.png
2024,4,5,렉서스,920,4.3%,https://autoimg.danawa.com/photo/brand/486_40.png
2024,4,6,토요타,893,4.2%,https://autoimg.danawa.com/photo/brand/491_40.png
2024,4,7,아우디,770,3.6%,https://autoimg.danawa.com/photo/brand/371_40.png
2024,4,8,미니,676,3.1%,https://autoimg.danawa.com/photo/brand/367_40.png
2024,4,9,포르쉐,620,2.9%,https://autoimg.danawa.com/photo/brand/381_40.png
2024,4,10,폭스바겐,566,2.6%,https://autoimg.danawa.com/photo/brand/376_40.png
2024,4,11,포드,350,1.6%,https://autoimg.danawa.com/photo/brand/569_40.png
2024,4,12,지프,281,1.3%,https://autoimg.danawa.com/photo/brand/587_40.png
2024,4,13,랜드로버,268,1.2%,https://autoimg.danawa.com/photo/brand/399_40.png
2024,4,14,링컨,200,0.9%,https://autoimg.danawa.com/photo/brand/573_40.png
2024,4,15,혼다,167,0.8%,https://autoimg.danawa.com/photo/brand/500_40.png
2024,4,16,푸조,101,0.5%,https://autoimg.danawa.com/photo/brand/413_40.png
2024,4,17,폴스타,83,0.4%,https://autoimg.danawa.com/photo/brand/458_40.png
2024,4,18,람보르기니,60,0.3%,https://autoimg.danawa.com/photo/brand/440_40.png
2024,4,19,캐딜락,50,0.2%,https://autoimg.danawa.com/photo/brand/546_40.png
2024,4,20,GMC,36,0.2%,https://autoimg.danawa.com/photo/brand/602_40.png
2024,4,21,벤틀리,24,0.1%,https://autoimg.danawa.com/photo/brand/390_40.png
2024,4,22,마세라티,23,0.1%,https://autoimg.danawa.com/photo/brand/445_40.png
2024,4,23,롤스로이스,22,0.1%,https://autoimg.danawa.com/photo/brand/385_40.png
2024,5,1,BMW,"6,240",25.9%,https://autoimg.danawa.com/photo/brand/362_40.png
2024,5,2,벤츠,"5,947",24.6%,https://autoimg.danawa.com/photo/brand/349_40.png
2024,5,3,테슬라,"4,165",17.3%,https://autoimg.danawa.com/photo/brand/611_40.png
2024,5,4,볼보,"1,516",6.3%,https://autoimg.danawa.com/photo/brand/459_40.png
2024,5,5,렉서스,"1,319",5.5%,https://autoimg.danawa.com/photo/brand/486_40.png
2024,5,6,아우디,831,3.4%,https://autoimg.danawa.com/photo/brand/371_40.png
2024,5,7,미니,722,3.0%,https://autoimg.danawa.com/photo/brand/367_40.png
2024,5,8,토요타,701,2.9%,https://autoimg.danawa.com/photo/brand/491_40.png
2024,5,9,폭스바겐,445,1.8%,https://autoimg.danawa.com/photo/brand/376_40.png
2024,5,10,포르쉐,390,1.6%,https://autoimg.danawa.com/photo/brand/381_40.png
2024,5,11,포드,385,1.6%,https://autoimg.danawa.com/photo/brand/569_40.png
2024,5,12,랜드로버,351,1.5%,https://autoimg.danawa.com/photo/brand/399_40.png
2024,5,13,지프,277,1.1%,https://autoimg.danawa.com/photo/brand/587_40.png
2024,5,14,링컨,242,1.0%,https://autoimg.danawa.com/photo/brand/573_40.png
2024,5,15,혼다,235,1.0%,https://autoimg.danawa.com/photo/brand/500_40.png
2024,5,16,푸조,93,0.4%,https://autoimg.danawa.com/photo/brand/413_40.png
2024,5,17,람보르기니,53,0.2%,https://autoimg.danawa.com/photo/brand/440_40.png
2024,5,18,캐딜락,52,0.2%,https://autoimg.danawa.com/photo/brand/546_40.png
2024,5,19,마세라티,51,0.2%,https://autoimg.danawa.com/photo/brand/445_40.png
2024,5,20,벤틀리,38,0.2%,https://autoimg.danawa.com/photo/brand/390_40.png
2024,5,21,폴스타,30,0.1%,https://autoimg.danawa.com/photo/brand/458_40.png
2024,5,22,GMC,26,0.1%,https://autoimg.danawa.com/photo/brand/602_40.png
2024,5,23,롤스로이스,18,0.1%,https://autoimg.danawa.com/photo/brand/385_40.png
2024,6,1,벤츠,"6,661",26.4%,https://autoimg.danawa.com/photo/brand/349_40.png
2024,6,2,BMW,"6,172",24.5%,https://autoimg.danawa.com/photo/brand/362_40.png
2024,6,3,테슬라,"5,293",21.0%,https://autoimg.danawa.com/photo/brand/611_40.png
2024,6,4,볼보,"1,452",5.8%,https://autoimg.danawa.com/photo/brand/459_40.png
2024,6,5,렉서스,"1,047",4.2%,https://autoimg.danawa.com/photo/brand/486_40.png
2024,6,6,아우디,902,3.6%,https://autoimg.danawa.com/photo/brand/371_40.png
2024,6,7,미니,746,3.0%,https://autoimg.danawa.com/photo/brand/367_40.png
2024,6,8,토요타,660,2.6%,https://autoimg.danawa.com/photo/brand/491_40.png
2024,6,9,랜드로버,414,1.6%,https://autoimg.danawa.com/photo/brand/399_40.png
2024,6,10,폭스바겐,400,1.6%,https://autoimg.danawa.com/photo/brand/376_40.png
2024,6,11,포드,289,1.1%,https://autoimg.danawa.com/photo/brand/569_40.png
2024,6,12,포르쉐,267,1.1%,https://autoimg.danawa.com/photo/brand/381_40.png
2024,6,13,혼다,230,0.9%,https://autoimg.danawa.com/photo/brand/500_40.png
2024,6,14,지프,206,0.8%,https://autoimg.danawa.com/photo/brand/587_40.png
2024,6,15,링컨,165,0.7%,https://autoimg.danawa.com/photo/brand/573_40.png
2024,6,16,푸조,76,0.3%,https://autoimg.danawa.com/photo/brand/413_40.png
2024,6,17,캐딜락,62,0.2%,https://autoimg.danawa.com/photo/brand/546_40.png
2024,6,18,벤틀리,40,0.2%,https://autoimg.danawa.com/photo/brand/390_40.png
2024,6,19,람보르기니,40,0.2%,https://autoimg.danawa.com/photo/brand/440_40.png
2024,6,20,마세라티,27,0.1%,https://autoimg.danawa.com/photo/brand/445_40.png
2024,6,21,폴스타,27,0.1%,https://autoimg.danawa.com/photo/brand/458_40.png
2024,6,22,GMC,26,0.1%,https://autoimg.danawa.com/photo/brand/602_40.png
2024,6,23,롤스로이스,20,0.1%,https://autoimg.danawa.com/photo/brand/385_40.png
2024,7,1,BMW,"6,380",29.2%,https://autoimg.danawa.com/photo/brand/362_40.png
2024,7,2,벤츠,"4,369",20.0%,https://autoimg.danawa.com/photo/brand/349_40.png
2024,7,3,테슬라,"2,680",12.3%,https://autoimg.danawa.com/photo/brand/611_40.png
2024,7,4,볼보,"1,411",6.5%,https://autoimg.danawa.com/photo/brand/459_40.png
2024,7,5,렉서스,"1,108",5.1%,https://autoimg.danawa.com/photo/brand/486_40.png
2024,7,6,포르쉐,"1,012",4.6%,https://autoimg.danawa.com/photo/brand/381_40.png
2024,7,7,아우디,921,4.2%,https://autoimg.danawa.com/photo/brand/371_40.png
2024,7,8,토요타,846,3.9%,https://autoimg.danawa.com/photo/brand/491_40.png
2024,7,9,폭스바겐,836,3.8%,https://autoimg.danawa.com/photo/brand/376_40.png
2024,7,10,미니,574,2.6%,https://autoimg.danawa.com/photo/brand/367_40.png
2024,7,11,랜드로버,408,1.9%,https://autoimg.danawa.com/photo/brand/399_40.png
2024,7,12,포드,356,1.6%,https://autoimg.danawa.com/photo/brand/569_40.png
2024,7,13,혼다,235,1.1%,https://autoimg.danawa.com/photo/brand/500_40.png
2024,7,14,지프,224,1.0%,https://autoimg.danawa.com/photo/brand/587_40.png
2024,7,15,링컨,144,0.7%,https://autoimg.danawa.com/photo/brand/573_40.png
2024,7,16,푸조,92,0.4%,https://autoimg.danawa.com/photo/brand/413_40.png
2024,7,17,캐딜락,73,0.3%,https://autoimg.danawa.com/photo/brand/546_40.png
2024,7,18,람보르기니,53,0.2%,https://autoimg.danawa.com/photo/brand/440_40.png
2024,7,19,폴스타,39,0.2%,https://autoimg.danawa.com/photo/brand/458_40.png
2024,7,20,벤틀리,35,0.2%,https://autoimg.danawa.com/photo/brand/390_40.png
2024,7,21,GMC,32,0.1%,https://autoimg.danawa.com/photo/brand/602_40.png
2024,7,22,마세라티,21,0.1%,https://autoimg.danawa.com/photo/brand/445_40.png
2024,7,23,롤스로이스,15,0.1%,https://autoimg.danawa.com/photo/brand/385_40.png
2024,8,1,BMW,"5,880",26.6%,https://autoimg.danawa.com/photo/brand/362_40.png
2024,8,2,벤츠,"5,286",23.9%,https://autoimg.danawa.com/photo/brand/349_40.png
2024,8,3,테슬라,"2,208",10.0%,https://autoimg.danawa.com/photo/brand/611_40.png
2024,8,4,폭스바겐,"1,445",6.5%,https://autoimg.danawa.com/photo/brand/376_40.png
2024,8,5,렉서스,"1,355",6.1%,https://autoimg.danawa.com/photo/brand/486_40.png
2024,8,6,볼보,"1,245",5.6%,https://autoimg.danawa.com/photo/brand/459_40.png
2024,8,7,아우디,"1,010",4.6%,https://autoimg.danawa.com/photo/brand/371_40.png
2024,8,8,토요타,900,4.1%,https://autoimg.danawa.com/photo/brand/491_40.png
2024,8,9,포르쉐,747,3.4%,https://autoimg.danawa.com/photo/brand/381_40.png
2024,8,10,랜드로버,397,1.8%,https://autoimg.danawa.com/photo/brand/399_40.png
2024,8,11,포드,392,1.8%,https://autoimg.danawa.com/photo/brand/569_40.png
2024,8,12,미니,379,1.7%,https://autoimg.danawa.com/photo/brand/367_40.png
2024,8,13,혼다,272,1.2%,https://autoimg.danawa.com/photo/brand/500_40.png
2024,8,14,지프,178,0.8%,https://autoimg.danawa.com/photo/brand/587_40.png
2024,8,15,링컨,138,0.6%,https://autoimg.danawa.com/photo/brand/573_40.png
2024,8,16,캐딜락,61,0.3%,https://autoimg.danawa.com/photo/brand/546_40.png
2024,8,17,푸조,49,0.2%,https://autoimg.danawa.com/photo/brand/413_40.png
2024,8,18,벤틀리,40,0.2%,https://autoimg.danawa.com/photo/brand/390_40.png
2024,8,19,람보르기니,38,0.2%,https://autoimg.danawa.com/photo/brand/440_40.png
2024,8,20,GMC,27,0.1%,https://autoimg.danawa.com/photo/brand/602_40.png
2024,8,21,롤스로이스,13,0.1%,https://autoimg.danawa.com/photo/brand/385_40.png
2024,8,22,마세라티,11,0.0%,https://autoimg.danawa.com/photo/brand/445_40.png
2024,8,23,폴스타,5,0.0%,https://autoimg.danawa.com/photo/brand/458_40.png
2024,9,1,벤츠,"8,382",34.0%,https://autoimg.danawa.com/photo/brand/349_40.png
2024,9,2,BMW,"7,082",28.7%,https://autoimg.danawa.com/photo/brand/362_40.png
2024,9,3,테슬라,"1,349",5.5%,https://autoimg.danawa.com/photo/brand/611_40.png
2024,9,4,렉서스,"1,312",5.3%,https://autoimg.danawa.com/photo/brand/486_40.png
2024,9,5,볼보,"1,282",5.2%,https://autoimg.danawa.com/photo/brand/459_40.png
2024,9,6,아우디,995,4.0%,https://autoimg.danawa.com/photo/brand/371_40.png
2024,9,7,토요타,778,3.2%,https://autoimg.danawa.com/photo/brand/491_40.png
2024,9,8,폭스바겐,760,3.1%,https://autoimg.danawa.com/photo/brand/376_40.png
2024,9,9,포르쉐,721,2.9%,https://autoimg.danawa.com/photo/brand/381_40.png
2024,9,10,랜드로버,446,1.8%,https://autoimg.danawa.com/photo/brand/399_40.png
2024,9,11,미니,428,1.7%,https://autoimg.danawa.com/photo/brand/367_40.png
2024,9,12,포드,285,1.2%,https://autoimg.danawa.com/photo/brand/569_40.png
2024,9,13,혼다,223,0.9%,https://autoimg.danawa.com/photo/brand/500_40.png
2024,9,14,지프,194,0.8%,https://autoimg.danawa.com/photo/brand/587_40.png
2024,9,15,링컨,193,0.8%,https://autoimg.danawa.com/photo/brand/573_40.png
2024,9,16,캐딜락,54,0.2%,https://autoimg.danawa.com/photo/brand/546_40.png
2024,9,17,벤틀리,42,0.2%,https://autoimg.danawa.com/photo/brand/390_40.png
2024,9,18,푸조,40,0.2%,https://autoimg.danawa.com/photo/brand/413_40.png
2024,9,19,람보르기니,37,0.2%,https://autoimg.danawa.com/photo/brand/440_40.png
2024,9,20,GMC,26,0.1%,https://autoimg.danawa.com/photo/brand/602_40.png
2024,9,21,마세라티,16,0.1%,https://autoimg.danawa.com/photo/brand/445_40.png
2024,9,22,롤스로이스,12,0.0%,https://autoimg.danawa.com/photo/brand/385_40.png
2024,9,23,폴스타,4,0.0%,https://autoimg.danawa.com/photo/brand/458_40.png
2024,10,1,벤츠,"6,427",30.4%,https://autoimg.danawa.com/photo/brand/349_40.png
2024,10,2,BMW,"6,113",29.0%,https://autoimg.danawa.com/photo/brand/362_40.png
2024,10,3,렉서스,"1,283",6.1%,https://autoimg.danawa.com/photo/brand/486_40.png
2024,10,4,테슬라,"1,263",6.0%,https://autoimg.danawa.com/photo/brand/611_40.png
2024,10,5,볼보,"1,161",5.5%,https://autoimg.danawa.com/photo/brand/459_40.png
2024,10,6,아우디,943,4.5%,https://autoimg.danawa.com/photo/brand/371_40.png
2024,10,7,토요타,754,3.6%,https://autoimg.danawa.com/photo/brand/491_40.png
2024,10,8,폭스바겐,741,3.5%,https://autoimg.danawa.com/photo/brand/376_40.png
2024,10,9,포르쉐,701,3.3%,https://autoimg.danawa.com/photo/brand/381_40.png
2024,10,10,미니,538,2.5%,https://autoimg.danawa.com/photo/brand/367_40.png
2024,10,11,랜드로버,305,1.4%,https://autoimg.danawa.com/photo/brand/399_40.png
2024,10,12,지프,183,0.9%,https://autoimg.danawa.com/photo/brand/587_40.png
2024,10,13,포드,165,0.8%,https://autoimg.danawa.com/photo/brand/569_40.png
2024,10,14,링컨,154,0.7%,https://autoimg.danawa.com/photo/brand/573_40.png
2024,10,15,혼다,120,0.6%,https://autoimg.danawa.com/photo/brand/500_40.png
2024,10,16,캐딜락,53,0.3%,https://autoimg.danawa.com/photo/brand/546_40.png
2024,10,17,람보르기니,49,0.2%,https://autoimg.danawa.com/photo/brand/440_40.png
2024,10,18,벤틀리,36,0.2%,https://autoimg.danawa.com/photo/brand/390_40.png
2024,10,19,GMC,36,0.2%,https://autoimg.danawa.com/photo/brand/602_40.png
2024,10,20,푸조,35,0.2%,https://autoimg.danawa.com/photo/brand/413_40.png
2024,10,21,폴스타,20,0.1%,https://autoimg.danawa.com/photo/brand/458_40.png
2024,10,22,마세라티,16,0.1%,https://autoimg.danawa.com/photo/brand/445_40.png
2024,10,23,롤스로이스,15,0.1%,https://autoimg.danawa.com/photo/brand/385_40.png
2024,11,1,BMW,"6,665",28.2%,https://autoimg.danawa.com/photo/brand/362_40.png
2024,11,2,벤츠,"5,086",21.5%,https://autoimg.danawa.com/photo/brand/349_40.png
2024,11,3,테슬라,"3,618",15.3%,https://autoimg.danawa.com/photo/brand/611_40.png
2024,11,4,렉서스,"1,370",5.8%,https://autoimg.danawa.com/photo/brand/486_40.png
2024,11,5,볼보,"1,319",5.6%,https://autoimg.danawa.com/photo/brand/459_40.png
2024,11,6,폭스바겐,"1,077",4.5%,https://autoimg.danawa.com/photo/brand/376_40.png
2024,11,7,아우디,914,3.9%,https://autoimg.danawa.com/photo/brand/371_40.png
2024,11,8,토요타,801,3.4%,https://autoimg.danawa.com/photo/brand/491_40.png
2024,11,9,포르쉐,772,3.3%,https://autoimg.danawa.com/photo/brand/381_40.png
2024,11,10,미니,616,2.6%,https://autoimg.danawa.com/photo/brand/367_40.png
2024,11,11,랜드로버,416,1.8%,https://autoimg.danawa.com/photo/brand/399_40.png
2024,11,12,포드,368,1.6%,https://autoimg.danawa.com/photo/brand/569_40.png
2024,11,13,지프,168,0.7%,https://autoimg.danawa.com/photo/brand/587_40.png
2024,11,14,링컨,105,0.4%,https://autoimg.danawa.com/photo/brand/573_40.png
2024,11,15,푸조,65,0.3%,https://autoimg.danawa.com/photo/brand/413_40.png
2024,11,16,람보르기니,61,0.3%,https://autoimg.danawa.com/photo/brand/440_40.png
2024,11,17,혼다,54,0.2%,https://autoimg.danawa.com/photo/brand/500_40.png
2024,11,18,폴스타,50,0.2%,https://autoimg.danawa.com/photo/brand/458_40.png
2024,11,19,캐딜락,49,0.2%,https://autoimg.danawa.com/photo/brand/546_40.png
2024,11,20,벤틀리,47,0.2%,https://autoimg.danawa.com/photo/brand/390_40.png
2024,11,21,GMC,24,0.1%,https://autoimg.danawa.com/photo/brand/602_40.png
2024,11,22,롤스로이스,15,0.1%,https://autoimg.danawa.com/photo/brand/385_40.png
2024,11,23,마세라티,11,0.0%,https://autoimg.danawa.com/photo/brand/445_40.png
2024,12,1,벤츠,"6,839",29.2%,https://autoimg.danawa.com/photo/brand/349_40.png
2024,12,2,BMW,"6,504",27.7%,https://autoimg.danawa.com/photo/brand/362_40.png
2024,12,3,볼보,"1,448",6.2%,https://autoimg.danawa.com/photo/brand/459_40.png
2024,12,4,테슬라,"1,252",5.3%,https://autoimg.danawa.com/photo/brand/611_40.png
2024,12,5,렉서스,"1,120",4.8%,https://autoimg.danawa.com/photo/brand/486_40.png
2024,12,6,토요타,"1,100",4.7%,https://autoimg.danawa.com/photo/brand/491_40.png
2024,12,7,아우디,918,3.9%,https://autoimg.danawa.com/photo/brand/371_40.png
2024,12,8,포르쉐,768,3.3%,https://autoimg.danawa.com/photo/brand/381_40.png
2024,12,9,미니,760,3.2%,https://autoimg.danawa.com/photo/brand/367_40.png
2024,12,10,폭스바겐,539,2.3%,https://autoimg.danawa.com/photo/brand/376_40.png
2024,12,11,랜드로버,479,2.0%,https://autoimg.danawa.com/photo/brand/399_40.png
2024,12,12,포드,369,1.6%,https://autoimg.danawa.com/photo/brand/569_40.png
2024,12,13,혼다,362,1.5%,https://autoimg.danawa.com/photo/brand/500_40.png
2024,12,14,폴스타,320,1.4%,https://autoimg.danawa.com/photo/brand/458_40.png
2024,12,15,지프,243,1.0%,https://autoimg.danawa.com/photo/brand/587_40.png
2024,12,16,링컨,109,0.5%,https://autoimg.danawa.com/photo/brand/573_40.png
2024,12,17,푸조,95,0.4%,https://autoimg.danawa.com/photo/brand/413_40.png
2024,12,18,벤틀리,60,0.3%,https://autoimg.danawa.com/photo/brand/390_40.png
2024,12,19,람보르기니,54,0.2%,https://autoimg.danawa.com/photo/brand/440_40.png
2024,12,20,캐딜락,39,0.2%,https://autoimg.danawa.com/photo/brand/546_40.png
2024,12,21,GMC,28,0.1%,https://autoimg.danawa.com/photo/brand/602_40.png
2024,12,22,마세라티,21,0.1%,https://autoimg.danawa.com/photo/brand/445_40.png
2024,12,23,롤스로이스,18,0.1%,https://autoimg.danawa.com/photo/brand/385_40.png
